id,repeat,work,logins_w4,logins_sem,nsub_w4,nE_trans_w4,pES_w4,EE,ES,SE,SS,labs_w4,labs_sem,midterm,last_week,noshow,exam,passed,theta,commit
1,1,0,6,6,55,26,0.2692307692307692,19,7,3,8,4,5,,5,1,,0,-0.41009940097747316,-1.3890337628231615
2,1,0,6,16,19,4,0.5,2,2,1,5,2,3,1.5,13,0,3.5,0,-0.8983319834462868,-2.051871137392112
3,1,0,6,20,50,26,0.15384615384615385,22,4,7,10,2,7,3.5,13,0,5.5,1,-1.019637703825357,-0.72537859316725
4,0,0,17,54,40,8,0.875,1,7,3,15,3,9,5.0,13,0,9.0,1,0.3107404748068414,-0.38139645818869733
5,0,0,19,32,89,45,0.28888888888888886,32,13,10,17,4,7,4.0,8,1,,0,-0.6353835325574534,0.5332883537918184
6,0,0,10,33,28,12,0.4166666666666667,7,5,1,1,3,8,4.0,13,0,8.5,1,0.3074672138246835,-0.553034810281058
7,0,1,30,90,31,22,0.22727272727272727,17,5,3,1,1,9,2.0,13,0,3.5,0,-1.9488773644218158,-0.5781362964299132
8,0,0,22,68,41,11,0.6363636363636364,4,7,4,9,4,9,7.5,13,0,5.5,1,0.5836874768942483,0.804713929153682
9,0,0,11,13,5,1,,1,0,0,0,1,1,,5,1,,0,-1.3020853804712782,-1.6044905263444746
10,0,0,9,35,106,56,0.30357142857142855,39,17,13,18,4,8,4.0,13,0,3.0,0,-1.101411145418563,0.09009542694883087
11,0,0,20,60,115,60,0.36666666666666664,38,22,14,24,4,9,5.0,13,0,5.0,1,-0.5429056036840906,1.4035935283542693
12,1,0,1,11,7,0,,0,0,1,1,1,6,8.0,13,0,6.0,1,0.9278509713199714,-0.4827702672206836
13,0,0,32,82,33,8,0.75,2,6,1,9,3,8,6.0,13,0,7.5,1,0.33206532577403314,-0.029363056002137594
14,0,0,39,85,35,7,0.7142857142857143,2,5,1,9,4,11,8.0,13,0,7.5,1,1.410233062503833,0.25007121193626985
15,0,0,30,83,39,12,0.6666666666666666,4,8,3,10,3,9,6.5,13,0,7.5,1,0.7755063168000844,0.412625126712213
16,1,1,6,18,124,82,0.2073170731707317,65,17,13,14,3,8,1.5,13,0,2.5,0,-1.288075943888606,0.2831387122950457
17,0,0,15,41,121,81,0.18518518518518517,66,15,9,13,4,9,4.5,12,1,,0,-1.0166567438785787,1.4407271444857395
18,1,0,5,20,10,3,,3,0,2,1,1,4,,13,1,,0,-0.5097398723960027,-3.3039952088154037
19,1,0,6,20,50,21,0.3333333333333333,14,7,4,9,4,10,4.0,13,0,5.0,1,-0.7143354584452313,-0.49772922683659193
20,0,0,15,40,46,24,0.375,15,9,5,8,2,5,,9,1,,0,0.21467534226392485,-0.8794467118257433
21,1,0,7,9,112,65,0.2,52,13,11,19,4,7,3.0,13,0,5.0,1,-1.2792036840926404,-0.12740776764415096
22,0,0,18,66,41,11,0.8181818181818182,2,9,3,8,4,8,9.5,13,0,10.0,1,1.6605385847674858,0.18351378830335663
23,0,0,11,50,67,31,0.4838709677419355,16,15,8,11,4,11,5.5,13,0,7.5,1,-0.04016807153540831,0.5759369198546687
24,0,0,6,41,277,213,0.1267605633802817,186,27,19,25,4,9,2.5,13,0,3.0,0,-1.918789388174345,2.4408261233950665
25,1,1,11,13,22,9,0.3333333333333333,6,3,3,2,2,5,,7,1,,0,-0.6610025441113909,-0.9636501436177447
26,0,1,20,48,30,15,0.4,9,6,5,5,1,10,3.0,13,0,5.5,1,-0.032857444555910525,0.6831444422693901
27,1,0,7,11,80,55,0.18181818181818182,45,10,10,3,3,3,,6,1,,0,-1.9341047165140552,-0.999642594896026
28,0,0,20,45,37,6,0.8333333333333334,1,5,1,10,4,12,7.5,13,0,8.0,1,1.5324056435352147,1.0526280007035431
29,0,0,24,56,164,116,0.1810344827586207,95,21,13,21,3,7,2.0,13,0,4.5,0,-1.5540485571337086,1.1567494792338615
30,0,0,19,69,76,34,0.5,17,17,8,15,4,10,5.0,13,0,3.5,0,-0.23083704418147916,0.6860819296914585
31,0,0,20,58,45,12,0.6666666666666666,4,8,3,10,4,7,6.0,13,0,8.5,1,0.9044201359850584,-0.05006804554629375
32,1,0,9,29,98,62,0.1935483870967742,50,12,5,12,4,8,3.5,13,0,4.0,0,-0.6356585936264778,-0.6500784421426807
33,0,1,23,72,45,15,0.6,6,9,2,14,3,10,5.5,13,0,6.5,1,0.2020604685270094,0.42084054702975854
34,0,0,13,61,91,62,0.16129032258064516,52,10,9,7,3,6,3.0,13,0,2.0,0,-1.5909571895677646,-0.7304274564956588
35,1,1,4,19,9,3,,2,1,0,2,1,7,5.0,13,0,5.5,1,0.31133822540933825,-0.6307654333515805
36,0,0,22,74,33,16,0.4375,9,7,2,2,3,8,3.5,13,0,7.0,1,0.11985556950378563,-0.12118688088382165
37,0,0,21,48,72,45,0.17777777777777778,37,8,7,6,3,5,,13,0,1.5,0,-1.7231737798059066,-0.9457321134371518
38,1,0,11,23,33,10,0.6,4,6,1,7,3,8,6.0,13,0,7.5,1,-0.047796047384228824,-0.2581237134582217
39,0,1,23,44,32,15,0.6,6,9,2,6,2,7,3.0,8,1,,0,-0.38901228214735645,0.20793890416658165
40,1,1,6,14,7,2,,1,1,0,1,1,7,6.0,13,0,7.5,1,0.6953745423118287,-0.6070517859156711
41,1,1,3,3,0,0,,0,0,0,0,0,1,,2,1,,0,0.20777552932132665,-0.34636416458461283
42,1,1,6,9,12,8,0.0,8,0,0,0,1,5,,5,1,,0,-1.400389593852248,-1.159418482542169
43,0,1,9,34,30,21,0.14285714285714285,18,3,4,0,1,6,0.5,13,0,0.5,0,-2.1501740369782993,-0.7774286208110123
44,0,0,17,46,59,20,0.5,10,10,5,14,4,10,6.0,13,0,9.0,1,0.8145558057332232,0.36564771981824457
45,1,0,9,18,11,0,,0,0,0,6,1,2,7.5,8,1,,0,0.6071744805221659,-2.1813989817029684
46,0,0,11,28,28,14,0.5,7,7,0,4,2,6,5.0,13,0,6.5,1,-0.48356667961774397,-0.3393123060345187
47,0,0,11,49,38,14,0.42857142857142855,8,6,3,7,3,7,5.5,13,0,6.0,1,-0.06455870294882746,-1.1149219220779418
48,1,0,6,6,45,15,0.13333333333333333,13,2,4,12,3,3,,4,1,,0,-1.8760298209276525,-1.9648134561553898
49,1,0,3,4,30,14,0.42857142857142855,8,6,3,3,2,3,,6,1,,0,-0.7730188255808075,-1.2843938303836295
50,1,0,8,19,84,51,0.2549019607843137,38,13,7,7,4,7,3.0,9,1,,0,-1.1286944529180012,-0.43643776004165
51,0,0,18,59,89,42,0.35714285714285715,27,15,9,22,4,9,4.5,13,0,6.5,1,-0.6227474523383597,1.8381641028233155
52,1,1,2,13,58,38,0.05263157894736842,36,2,5,5,3,8,0.5,13,0,2.5,0,-1.8332393639146245,0.030578467549678967
53,0,0,8,33,36,16,0.25,12,4,2,6,3,8,3.5,13,0,3.5,0,-1.025032689597458,-0.5740215219310083
54,0,0,13,18,37,9,0.7777777777777778,2,7,3,12,3,4,,5,1,,0,-0.15183112985179675,-0.6420989179308791
55,0,0,10,23,28,11,0.2727272727272727,8,3,1,6,2,2,3.5,8,1,,0,-0.5415138589862183,-1.74239510098892
56,0,0,20,34,37,12,0.6666666666666666,4,8,2,8,4,6,,7,1,,0,-0.10891149987689859,-0.4255199609506487
57,1,0,7,14,31,15,0.13333333333333333,13,2,2,6,2,3,1.0,13,0,1.5,0,-1.474773815249418,-2.073908699000881
58,0,0,14,38,39,15,0.6666666666666666,5,10,5,4,3,10,4.0,13,0,6.5,1,0.3840327046524127,-0.31103016116666055
59,0,0,21,55,49,20,0.4,12,8,4,9,4,11,6.0,13,0,9.0,1,0.22103201472003933,0.5090346807866901
60,0,0,13,39,82,43,0.3488372093023256,28,15,6,18,3,9,5.0,13,0,5.0,1,-1.038278885181226,0.2198702907670518
61,0,0,9,32,64,24,0.4583333333333333,13,11,7,16,4,10,4.5,13,0,5.5,1,-0.316958856139701,0.39171229840366095
62,1,0,6,19,18,2,,2,0,1,6,2,7,5.0,13,0,7.5,1,0.666142654390764,-1.273277257357508
63,0,0,17,44,14,5,0.6,2,3,1,3,1,4,4.0,8,1,,0,0.27655763669442407,-0.9528444654325796
64,0,1,10,37,0,0,,0,0,0,0,0,10,2.0,13,0,3.0,0,-1.6395286742060562,-0.3028882435993502
65,1,0,4,11,82,53,0.11320754716981132,47,6,5,11,3,7,3.0,9,1,,0,-1.8536106938064874,-0.45538480994752273
66,0,0,12,43,72,31,0.5161290322580645,15,16,9,12,4,8,6.0,13,0,7.0,1,0.24085362170859362,0.48643385663258437
67,0,0,14,39,59,26,0.34615384615384615,17,9,3,17,3,8,6.5,13,0,6.5,1,0.14372530545699397,0.34717778677446054
68,0,1,7,31,14,3,,2,1,0,1,2,7,5.5,13,0,9.0,1,0.9088798426800064,0.20565973392499826
69,1,0,0,5,50,15,0.4666666666666667,8,7,5,13,4,9,5.0,13,0,2.5,0,-0.11869359854456735,-1.0687911984268734
70,1,0,4,22,86,42,0.3333333333333333,28,14,4,21,4,10,3.5,13,0,3.5,0,-0.4633756766299109,0.6223427275575037
71,0,0,17,35,112,57,0.3157894736842105,39,18,8,28,4,10,4.5,10,1,,0,-0.6937310258693473,0.06675262217036856
72,1,0,4,20,15,5,0.2,4,1,1,4,1,2,3.0,13,1,,0,-1.0677399704508024,-2.278187835666804
73,0,0,19,54,161,126,0.15079365079365079,107,19,10,11,3,9,4.5,13,0,5.5,1,-1.6196216080936396,1.6473634779441675
74,0,0,13,43,27,8,0.5,4,4,2,3,3,8,6.5,13,1,,0,0.7105295062252638,-1.3597110815544486
75,0,0,19,50,200,144,0.1597222222222222,121,23,11,26,4,9,3.0,13,0,3.5,0,-1.48646794719945,1.4850264725755316
76,0,0,3,23,99,51,0.27450980392156865,37,14,5,23,4,10,4.0,13,0,4.5,0,-0.9003213300281919,0.5576627385503125
77,0,1,12,19,14,2,,0,2,1,6,1,2,,6,1,,0,0.5129998196849436,-1.6519693151126627
78,0,1,12,51,55,43,0.06976744186046512,40,3,3,4,1,8,1.5,13,0,0.5,0,-2.004608165617594,0.20968562141880617
79,0,0,18,49,91,50,0.38,31,19,12,13,4,10,4.5,13,0,3.0,0,-0.5941059630115035,0.6991885714518071
80,0,0,4,22,121,76,0.27631578947368424,55,21,12,14,4,8,2.0,13,0,4.5,0,-0.9784597489889542,0.42384263843000214
81,0,0,12,36,119,77,0.22077922077922077,60,17,11,12,4,8,3.0,13,0,2.5,0,-0.5813987010814078,-0.5980838118846793
82,1,0,5,10,65,44,0.1590909090909091,37,7,5,6,2,5,3.0,10,1,,0,-1.5439031180284748,-1.1499307898568267
83,1,0,2,8,59,26,0.5,13,13,5,8,4,8,3.0,10,1,,0,-0.12246720575874076,-0.29821026164686804
84,0,0,11,44,81,32,0.375,20,12,8,22,4,8,5.5,13,0,5.0,1,-0.5723047084505988,0.0748603596457394
85,1,1,10,20,18,11,0.2727272727272727,8,3,2,1,1,7,3.0,13,1,,0,-0.7595721226570655,-1.6432157570286199
86,1,1,10,23,18,9,0.4444444444444444,5,4,3,2,1,8,4.5,10,1,,0,-1.2106729064781376,0.07387482735754469
87,1,0,4,18,61,43,0.13953488372093023,37,6,3,2,3,6,1.5,13,0,2.5,0,-1.5308184332719377,-0.7784835098727018
88,0,1,10,43,45,24,0.25,18,6,2,9,2,9,4.0,13,0,6.0,1,-0.7312619855497294,0.9982117022605179
89,1,0,4,9,35,15,0.6,6,9,4,6,2,4,5.0,13,0,5.0,1,-0.34113500433171096,-1.1872365018813926
90,0,1,10,18,33,15,0.3333333333333333,10,5,0,9,2,5,,5,1,,0,0.336994637858949,-0.07665816415607492
91,0,1,20,63,0,0,,0,0,0,0,0,2,1.5,13,0,3.0,0,-1.7432284373923976,-1.1333920695180142
92,1,0,10,26,113,68,0.22058823529411764,53,15,12,13,4,7,5.0,11,1,,0,-1.0044263955900057,0.10995377019170083
93,0,0,10,31,181,148,0.060810810810810814,139,9,8,5,4,7,2.0,13,0,2.0,0,-2.4783274514716602,0.5522303763041119
94,0,1,21,72,33,13,0.38461538461538464,8,5,3,12,1,11,5.0,13,0,5.0,1,-0.5929231938973215,0.5934482599905596
95,0,0,7,32,74,42,0.30952380952380953,29,13,7,10,3,6,,13,0,4.0,0,-0.3876098091008167,-0.9281277134562281
96,0,0,16,54,49,27,0.3333333333333333,18,9,6,5,3,7,4.0,13,0,7.0,1,-0.4932415975043428,0.09297190819846
97,0,0,13,50,59,25,0.44,14,11,3,13,4,10,6.0,13,0,6.0,1,0.09345432010903112,2.423639356226666
98,1,1,5,14,21,11,0.2727272727272727,8,3,2,3,1,4,3.0,13,0,3.0,0,-0.7788769836950131,-1.4359962764495895
99,0,0,12,44,39,16,0.4375,9,7,5,8,2,6,4.5,13,0,6.0,1,-0.24113469253403366,-1.389036508212793
100,1,0,7,15,34,7,0.8571428571428571,1,6,1,8,4,9,8.0,13,0,9.5,1,1.4280004449467236,-0.1886974542090576
101,1,0,6,22,17,4,0.75,1,3,1,4,2,5,3.0,13,0,4.5,0,0.10519007912699196,-1.9238709338646958
102,0,1,7,28,26,12,0.3333333333333333,8,4,1,4,2,7,5.0,13,0,7.0,1,0.37597781246477424,0.18726952737034414
103,0,0,10,37,51,27,0.2962962962962963,19,8,3,7,3,9,5.5,13,0,7.0,1,-0.19693179500353383,0.19483936008497357
104,0,0,17,23,0,0,,0,0,0,0,0,0,,6,1,,0,-0.08088611684493172,-2.4695486378749156
105,0,0,18,72,45,17,0.5294117647058824,8,9,1,13,3,9,5.0,13,1,,0,-0.04579707111676244,-0.1942286843069853
106,0,1,14,44,135,95,0.21052631578947367,75,20,13,12,3,10,3.5,13,0,2.5,0,-1.1336996018235332,1.4693214900868212
107,0,0,10,22,56,26,0.38461538461538464,16,10,2,15,3,7,4.5,13,0,3.5,0,-0.7725919433056345,-0.13216133630240953
108,0,1,17,58,0,0,,0,0,0,0,0,9,6.0,13,0,5.5,1,-0.023960121076525325,0.31647691022014907
109,0,0,9,37,27,8,0.625,3,5,1,6,3,9,4.5,13,0,7.0,1,-0.06606659410098718,0.35445069762658704
110,0,0,17,61,32,3,,0,3,1,11,4,10,8.5,13,0,8.0,1,1.6532760033735399,1.1254519774233607
111,1,0,7,16,0,0,,0,0,0,0,0,1,,9,1,,0,0.5951163804934771,-2.890149381995447
112,0,0,16,41,20,1,,0,1,1,3,3,10,8.0,13,1,,0,1.782461268042607,1.1500797376384972
113,0,0,17,52,45,15,0.4666666666666667,8,7,4,12,3,10,,13,1,,0,0.3137285838008164,-0.23713539421717159
114,1,0,5,20,0,0,,0,0,0,0,0,1,,13,0,5.5,1,-0.41814593081290513,-1.9737616996587115
115,0,0,12,36,22,1,,0,1,0,7,3,7,8.0,13,0,9.0,1,1.9036698179472435,-0.012348228333206536
116,0,0,10,29,53,20,0.5,10,10,3,11,4,10,4.5,13,0,6.0,1,-0.004884947102677673,0.21855831854827126
117,1,1,10,42,15,2,,0,2,0,4,2,5,6.0,13,0,6.0,1,0.39441470559100283,-1.3038429591613567
118,1,0,10,19,32,9,0.6666666666666666,3,6,1,7,3,10,5.5,13,0,6.5,1,0.20428133583544256,0.5309803975798446
119,0,1,21,54,10,3,,1,2,0,3,1,11,7.0,13,0,8.5,1,0.806944367218708,0.35858648057047754
120,0,0,17,50,12,4,0.75,1,3,3,1,1,5,,13,0,6.5,1,0.28846412279149347,-0.7953086105138598
121,0,1,13,49,48,29,0.2413793103448276,22,7,5,6,2,7,3.5,13,0,6.5,1,-0.6778494625601188,-0.21363659088968795
122,0,0,8,31,98,62,0.27419354838709675,45,17,11,9,4,8,1.5,13,0,2.5,0,-1.494390307483361,0.2491479884118007
123,0,0,23,65,48,31,0.12903225806451613,27,4,5,2,2,4,0.0,13,1,,0,-2.250855619609023,-0.8029684261822793
124,0,0,17,50,19,5,1.0,0,5,0,5,2,8,6.5,13,0,8.0,1,0.7895854524627776,-0.31539547401562806
125,0,1,17,17,9,4,0.75,1,3,1,0,1,1,,4,1,,0,-0.5906413239317754,-0.5199205155004796
126,0,0,14,50,29,9,0.7777777777777778,2,7,3,8,2,5,4.5,12,1,,0,-0.4387472506748545,-1.4055606033971089
127,0,0,30,85,56,20,0.75,5,15,6,10,4,11,5.5,13,0,8.0,1,0.636922500943541,0.05399071104486726
128,0,0,25,76,74,31,0.45161290322580644,17,14,6,23,3,7,3.5,13,0,6.5,1,-0.2619514540356311,0.8766538594935789
129,0,1,6,31,92,52,0.34615384615384615,34,18,11,15,3,11,4.0,13,0,6.5,1,-0.871691365690053,1.1209759050714805
130,1,0,8,22,38,19,0.5263157894736842,9,10,3,3,3,7,2.5,13,0,5.5,1,-0.5689301603664443,-0.6366008892949296
131,0,0,21,65,197,141,0.14184397163120568,121,20,17,20,4,8,2.0,13,0,3.0,0,-1.4084643483304027,0.16302911229787193
132,1,1,5,15,37,16,0.4375,9,7,4,8,2,11,3.0,13,0,5.0,1,-1.1059515497627863,-0.3153830955615754
133,1,0,9,17,19,3,,0,3,2,3,3,5,2.5,13,0,4.0,0,-0.8306917774510614,-0.8823228096296529
134,0,0,9,45,140,89,0.1797752808988764,73,16,12,19,4,10,2.5,13,0,4.5,0,-1.0862032583735977,-0.18084646619048284
135,0,0,15,51,56,22,0.4090909090909091,13,9,6,10,4,8,2.5,11,1,,0,-0.575252402736691,-0.7657554152891639
136,0,0,11,36,21,10,0.3,7,3,1,1,2,4,1.5,13,0,2.5,0,-1.518456808139239,-0.8299117152090406
137,0,0,16,50,70,30,0.5666666666666667,13,17,9,12,4,10,5.5,13,0,7.5,1,0.17741722595254958,0.05857777855073356
138,0,0,9,38,118,75,0.32,51,24,11,13,4,10,4.0,13,0,7.0,1,-0.4674008113065178,1.8459872413774827
139,0,0,14,52,15,6,0.3333333333333333,4,2,1,4,1,9,7.5,13,0,7.0,1,1.013945910002533,-0.33673884130431087
140,0,0,13,13,9,1,,0,1,0,1,2,2,,4,1,,0,1.549203456877733,-1.3206570391609793
141,0,1,28,59,7,0,,0,0,0,2,1,10,6.5,13,0,10.0,1,2.6829743614744337,0.5293541010602366
142,1,0,3,13,14,3,,2,1,2,4,1,2,3.0,13,1,,0,-0.35897972806678036,-2.5376643892210087
143,0,0,11,37,45,8,0.75,2,6,2,16,4,11,10.0,13,0,8.0,1,1.1894284055546898,1.7352091961327463
144,0,0,26,57,0,0,,0,0,0,0,0,2,2.0,13,0,3.0,0,-1.2145539663211935,-1.591944459939298
145,0,0,13,39,22,4,0.75,1,3,0,4,3,8,9.5,13,0,8.0,1,1.9471082416212229,-0.6848571704110379
146,0,0,16,49,67,29,0.5517241379310345,13,16,7,11,4,9,4.5,13,0,6.0,1,0.06315685980808466,0.7381050751657687
147,1,1,4,9,0,0,,0,0,0,0,0,4,,7,1,,0,-0.35537322532981785,-1.1387385306739717
148,1,0,7,22,50,21,0.47619047619047616,11,10,2,7,4,10,3.5,13,0,6.0,1,0.33092911340797576,-0.42555694111965103
149,0,0,12,45,22,6,0.5,3,3,1,8,2,6,3.5,13,0,5.5,1,-0.34638191782591515,-0.7942785433782596
150,0,0,12,32,122,83,0.24096385542168675,63,20,12,8,4,11,6.0,13,0,5.5,1,-0.6190456500772573,0.6173158446501068
151,0,0,16,20,27,9,0.6666666666666666,3,6,2,7,2,3,,6,1,,0,0.17832798312177875,-0.4902468690523876
152,1,0,11,17,16,5,0.8,1,4,0,2,2,6,6.5,9,1,,0,0.4660080230476144,-1.2373805233315156
153,0,0,9,41,29,5,1.0,0,5,0,5,4,10,8.5,13,0,9.5,1,1.1591645042300471,0.9807562578124029
154,1,0,5,10,25,4,1.0,0,4,1,5,3,5,,6,1,,0,1.7769801068810323,-0.6537918244656455
155,1,0,5,7,8,2,,2,0,0,1,1,2,,7,1,,0,-1.5121368809364133,-3.8613695678624342
156,0,0,9,39,69,32,0.40625,19,13,4,14,4,8,5.5,13,0,4.0,0,-0.49075379589203155,0.5575323274228384
157,1,0,10,21,6,0,,0,0,1,0,1,5,5.0,11,1,,0,1.2786029186804049,-1.9403072407319026
158,1,0,1,15,45,18,0.5555555555555556,8,10,1,7,4,7,7.0,13,0,8.0,1,0.922505291430286,0.07584691136803356
159,1,0,5,7,7,1,,1,0,0,1,1,3,,6,1,,0,-0.3417741700378882,-1.8936180469847217
160,1,1,3,13,11,2,,1,1,1,3,1,6,7.0,13,0,6.5,1,0.27560847007564787,-1.2023325692109366
161,0,0,17,45,11,4,0.5,2,2,0,2,1,6,6.5,13,0,9.0,1,1.4055124720031233,-1.6815020858711205
162,1,0,4,6,0,0,,0,0,0,0,0,0,,5,1,,0,0.4837571472632382,-3.1240221934641452
163,0,0,15,44,44,18,0.5,9,9,6,5,3,10,5.0,13,0,8.5,1,0.20321510491020922,-0.2504987083148122
164,0,1,12,53,0,0,,0,0,0,0,0,8,6.5,13,1,,0,1.3272654315264216,-0.8889684120442766
165,1,1,2,14,0,0,,0,0,0,0,0,4,3.0,13,1,,0,-0.05772725769543466,-1.1849653764145498
166,0,1,15,65,0,0,,0,0,0,0,0,10,,13,0,7.5,1,0.9628855099477858,0.5342741543560896
167,0,0,23,36,0,0,,0,0,0,0,0,1,,7,1,,0,0.09669016558380163,-1.3581220462570802
168,1,0,6,23,71,31,0.41935483870967744,18,13,9,11,4,9,5.0,13,0,5.5,1,-0.455113255979229,-0.6951555025870229
169,1,0,4,6,12,7,0.2857142857142857,5,2,0,0,1,5,4.0,9,1,,0,0.008776577307959221,-1.830191410934613
170,0,1,5,19,13,5,0.4,3,2,2,1,1,9,3.5,13,0,6.5,1,-0.20158955066770892,-0.6954087053918891
171,0,0,6,39,63,28,0.39285714285714285,17,11,3,14,4,10,4.5,13,0,8.0,1,0.0817112567494497,0.10050459045261807
172,1,0,2,2,24,9,0.2222222222222222,7,2,4,1,2,2,,5,1,,0,-1.2418306542631656,-2.4361147825597698
173,1,0,4,5,216,173,0.10982658959537572,154,19,17,6,4,5,,6,1,,0,-2.4987523696415486,-0.16138760580403844
174,0,0,14,49,28,7,0.7142857142857143,2,5,0,6,3,5,6.0,13,0,6.5,1,0.8893354882733153,-1.2640610420820575
175,0,0,12,36,15,2,,1,1,3,3,2,5,2.5,13,0,5.0,1,0.07026765887395094,-1.1638659888150398
176,1,1,6,16,9,3,,1,2,0,1,1,4,3.5,9,1,,0,-1.0877777901830916,-2.12163145527452
177,1,0,3,3,0,0,,0,0,0,0,0,0,,4,1,,0,0.3716284151117904,-3.6781486892778235
178,0,0,10,39,27,14,0.35714285714285715,9,5,3,0,2,6,3.0,13,0,4.5,0,-1.0123039176913269,-1.689407272157898
179,0,0,15,56,6,0,,0,0,0,1,1,5,4.0,13,0,5.5,1,-0.18446594591963536,-1.035165508821698
180,0,0,15,44,22,3,,0,3,0,1,4,10,10.0,13,0,10.0,1,2.852397735106303,1.8340802476534723
181,0,0,18,59,60,16,0.625,6,10,4,22,4,8,6.0,13,0,8.0,1,0.5221008506391147,0.20635975874879997
182,0,0,19,56,112,70,0.3,49,21,10,13,4,11,4.5,13,0,7.0,1,-0.3700916706544992,1.8178996086937702
183,0,0,12,40,47,17,0.35294117647058826,11,6,4,15,3,10,4.5,13,0,4.5,0,-0.5008658577804385,0.7874552831324011
184,0,0,14,56,16,0,,0,0,0,1,3,9,10.0,13,0,10.0,1,3.145771896820764,-0.34269750301228624
185,0,0,12,58,15,2,,0,2,0,3,2,8,,13,0,10.0,1,1.4885385459383487,-0.9418604672534321
186,0,0,20,61,66,28,0.35714285714285715,18,10,6,12,4,10,,13,0,5.0,1,0.25421820163597575,1.1314307828394854
187,1,0,10,21,29,5,0.8,1,4,1,5,4,10,7.0,13,0,9.0,1,2.161989303939484,1.4619714328939228
188,0,0,11,42,74,35,0.34285714285714286,23,12,7,13,4,9,4.0,13,0,9.0,1,-0.06835594889549905,0.19419618477016246
189,0,0,28,85,44,14,0.5714285714285714,6,8,2,13,3,10,7.5,13,0,6.5,1,0.7640354837531956,0.6714394849944397
190,1,0,10,11,26,9,0.3333333333333333,6,3,2,5,2,3,,6,1,,0,-0.4058757728078771,-2.4722197555561296
191,1,0,3,11,183,136,0.1323529411764706,118,18,17,12,4,8,1.0,13,0,1.5,0,-1.8999377737908534,0.5719786807011333
192,0,0,19,59,48,15,0.5333333333333333,7,8,4,11,4,11,6.0,13,0,7.5,1,0.21679982664977507,0.706036409574322
193,1,0,0,2,30,14,0.2857142857142857,10,4,1,6,2,5,0.5,13,0,1.5,0,-1.733804098888708,-1.0405748636483363
194,0,0,21,70,39,10,0.7,3,7,3,7,4,10,6.5,13,0,8.5,1,1.3295174881043916,0.8317939945565698
195,0,0,12,38,61,29,0.41379310344827586,17,12,4,11,4,8,5.5,13,0,5.5,1,-0.20428839569393975,0.4642336038728058
196,1,0,4,18,40,14,0.5,7,7,1,9,4,10,5.5,13,0,7.0,1,0.4487754372452774,0.736910999738493
197,1,1,4,19,48,20,0.4,12,8,4,9,3,9,3.5,13,0,3.0,0,-0.7300334196786337,-0.40967926817779277
198,1,0,5,17,42,16,0.625,6,10,2,7,4,12,6.5,13,0,9.0,1,1.1135602025564408,1.6384550053928393
199,0,0,11,39,23,3,,0,3,0,5,3,7,7.5,13,0,8.5,1,1.6097891786379002,-0.9013720780916484
200,0,0,8,25,41,13,0.46153846153846156,7,6,1,13,3,7,4.0,13,0,7.0,1,0.1539298829081035,-0.6276166014458041
201,0,1,20,54,17,7,0.42857142857142855,4,3,1,5,1,6,5.5,13,0,5.0,1,-0.284858585741914,-0.4037826933537436
202,0,1,18,53,16,7,0.42857142857142855,4,3,2,4,1,6,3.5,13,0,3.5,0,-0.8762264334050496,-1.0724364256280527
203,0,1,18,59,37,13,0.5384615384615384,6,7,4,10,2,9,5.0,13,0,5.0,1,0.00030498951757664883,-0.2957343701770958
204,0,0,13,59,105,64,0.3125,44,20,11,14,4,8,4.0,13,0,4.0,0,-0.9397822044128996,1.4985859575389802
205,0,0,18,27,27,5,0.8,1,4,1,8,3,6,,7,1,,0,1.4869734709809412,-0.21649781527073064
206,0,0,10,16,35,13,0.46153846153846156,7,6,3,7,3,4,,6,1,,0,0.41596496874351646,0.35927497952861803
207,1,1,7,20,37,14,0.42857142857142855,8,6,5,8,2,3,4.5,13,0,6.0,1,-0.8694965679906363,-1.1687786775307925
208,0,0,18,54,60,33,0.30303030303030304,23,10,3,8,4,9,5.0,13,0,4.5,0,-0.48060285859172996,0.2100522400462647
209,0,0,12,51,31,6,0.5,3,3,0,7,4,11,5.5,13,0,4.5,0,0.1261710248905104,-0.5146783198626096
210,1,1,2,7,0,0,,0,0,0,0,0,0,5.5,10,1,,0,-0.9510759306849814,-2.967449351473661
211,0,0,7,38,116,64,0.265625,47,17,14,19,4,10,5.0,13,0,4.5,0,-0.6455624381900955,-0.2578338764603924
212,1,0,3,3,0,0,,0,0,0,0,0,0,,3,1,,0,0.10960300702404036,-2.4026478619173437
213,1,0,6,8,48,23,0.17391304347826086,19,4,6,5,3,5,4.5,8,1,,0,-0.5681952296955972,-1.507237916315623
214,0,0,22,60,38,10,0.7,3,7,4,4,4,11,8.5,13,0,8.0,1,1.1710827453734187,1.0858601810255186
215,0,0,19,66,39,24,0.16666666666666666,20,4,3,2,2,6,2.0,12,1,,0,-1.0626203335431028,-0.17429284934298703
216,0,0,25,38,13,0,,0,0,0,3,2,3,10.0,8,1,,0,2.794302817012509,-1.112434073577471
217,1,1,7,14,0,0,,0,0,0,0,0,9,4.0,13,0,4.0,0,-0.8611608263785708,0.010500277927305346
218,0,1,11,34,39,16,0.375,10,6,0,8,3,12,5.0,13,0,7.5,1,0.7771091852352279,0.850982566875632
219,0,0,14,46,193,146,0.14383561643835616,125,21,12,15,4,9,3.5,13,0,3.5,0,-1.265366477478633,0.5668523133058194
220,1,0,8,22,41,14,0.5,7,7,4,10,3,8,4.0,13,1,,0,-0.268357957638202,-0.45267699252158744
221,1,0,3,10,0,0,,0,0,0,0,0,4,2.0,11,1,,0,-0.7192465999457216,-1.9192532700324043
222,0,1,15,43,0,0,,0,0,0,0,0,4,3.5,13,0,2.5,0,-1.2950666440552216,-0.15134196604491854
223,0,0,9,37,24,1,,0,1,1,3,4,11,10.0,13,0,10.0,1,3.4274978558078835,0.9341789121466203
224,0,1,25,53,0,0,,0,0,0,0,0,3,6.5,11,1,,0,0.9421955387647996,-1.7576206182519059
225,0,0,22,25,26,12,0.4166666666666667,7,5,2,2,2,3,,5,1,,0,-0.08306450549928379,-1.845327933131628
226,1,0,5,5,27,5,0.2,4,1,2,8,3,4,,5,1,,0,0.6526939097895474,-2.7030885740634263
227,0,0,15,45,20,3,,0,3,1,3,3,10,10.0,13,0,10.0,1,3.082159047877151,-0.12891806272310455
228,0,1,17,47,31,12,0.4166666666666667,7,5,3,11,1,7,2.0,13,0,4.5,0,-1.5708059586745968,0.3322898362546902
229,0,0,18,43,34,11,0.36363636363636365,7,4,2,6,3,11,6.5,13,0,9.0,1,1.1819829570131404,-0.34984846315136386
230,0,0,14,46,84,53,0.1509433962264151,45,8,7,10,3,7,2.5,13,1,,0,-1.2788826173970762,-0.3344130268384727
231,1,0,4,5,23,2,,1,1,0,4,4,5,,6,1,,0,1.3752356798611733,-1.344447457996166
232,0,0,22,56,34,13,0.46153846153846156,7,6,2,9,2,6,,13,0,4.5,0,-0.5870475264904677,-0.4323190914408759
233,0,0,8,28,71,54,0.09259259259259259,49,5,4,3,2,5,,13,0,0.0,0,-2.5159734781723317,-0.027875908728450614
234,0,0,10,45,27,4,0.75,1,3,1,5,4,12,9.0,13,0,10.0,1,1.8958370901271095,0.7996727464482642
235,0,0,25,80,141,93,0.22580645161290322,72,21,13,17,4,9,3.0,13,0,5.5,1,-0.8813499341644443,1.0478592002869576
236,0,0,16,32,65,30,0.5,15,15,7,11,4,6,3.5,8,1,,0,-0.4397740411451251,0.30681761925227197
237,1,0,6,12,25,9,0.5555555555555556,4,5,1,5,2,6,6.0,11,1,,0,0.8620687852708919,-1.5229638338687823
238,0,0,17,59,155,91,0.32967032967032966,61,30,16,29,4,9,4.0,13,0,5.5,1,-0.48672430030451663,1.2980128997013685
239,0,0,24,71,49,19,0.5789473684210527,8,11,1,11,4,12,7.0,13,0,9.5,1,0.351666521291772,1.4820754746651719
240,0,0,19,37,63,32,0.21875,25,7,4,16,3,7,6.0,10,1,,0,-1.1699040220443018,0.05418603666662072
241,0,0,11,38,37,9,0.8888888888888888,1,8,3,7,4,10,8.5,13,0,7.0,1,1.2358017102519183,2.0747588895874203
242,0,0,19,67,80,34,0.4117647058823529,20,14,5,23,4,11,7.0,13,0,9.5,1,0.0064153017682563275,1.7448483387854883
243,0,1,10,36,34,8,0.625,3,5,1,10,3,11,8.0,13,0,5.5,1,0.23716508345627565,0.1260862802890194
244,0,0,25,69,68,31,0.41935483870967744,18,13,7,14,4,10,6.5,13,0,5.5,1,0.05576996858075235,0.6702504856165361
245,0,0,21,32,56,28,0.32142857142857145,19,9,6,7,3,4,,6,1,,0,-0.7911340467638045,-1.0266623411871338
246,0,0,14,19,65,30,0.23333333333333334,23,7,9,14,3,4,,5,1,,0,-1.268284615285747,-1.7554658752040289
247,0,1,17,29,29,17,0.17647058823529413,14,3,3,0,2,5,,6,1,,0,-0.8692349633156843,-0.6705254859461521
248,0,0,16,59,39,11,0.45454545454545453,6,5,2,8,4,10,7.0,13,0,7.5,1,1.1158184297610259,0.2535924267079803
249,1,0,10,10,37,17,0.29411764705882354,12,5,4,2,3,3,,5,1,,0,-0.7886132919444766,-1.7003585933536618
250,0,1,5,5,20,8,0.5,4,4,1,1,2,3,,4,1,,0,0.3480352676327007,-1.1940756795679457
251,1,1,8,17,15,6,0.3333333333333333,4,2,1,3,1,8,3.0,13,0,7.0,1,-0.5330473061724348,0.1691046831570715
252,0,0,20,59,70,27,0.4074074074074074,16,11,8,17,4,12,7.0,13,0,6.0,1,-0.10936595791517661,-0.2080289693284543
253,1,0,2,12,19,6,0.6666666666666666,2,4,0,4,2,4,6.5,9,1,,0,0.26691391196981223,-1.8359453799756345
254,0,1,9,30,16,2,,0,2,0,5,2,6,7.5,13,0,9.5,1,1.2330190444768887,-0.6221987761273832
255,1,0,12,25,0,0,,0,0,0,0,0,1,7.0,9,1,,0,2.1400686424551836,-1.9768484643489952
256,0,0,6,28,68,29,0.3448275862068966,19,10,6,14,4,10,4.5,13,0,6.0,1,-0.1158650344325702,-0.17835181323040467
257,0,0,13,51,14,3,,1,2,0,2,2,8,7.5,13,0,8.5,1,1.4564847167315267,-0.4675889346069726
258,0,0,8,25,78,43,0.27906976744186046,31,12,8,12,4,8,3.5,13,0,5.0,1,-0.6365894087180978,-0.3010722674653692
259,0,0,35,94,59,18,0.6666666666666666,6,12,6,17,4,10,6.5,13,0,5.0,1,0.5855434223996392,-0.12172305781914958
260,0,0,24,72,67,24,0.625,9,15,8,16,4,8,6.0,13,0,5.5,1,-0.1475147577111868,-0.13683299444967176
261,0,0,19,19,10,1,,0,1,0,1,2,2,,3,1,,0,0.13877525538900853,-1.2248495038096092
262,1,0,9,23,7,2,,2,0,0,1,1,1,,13,1,,0,-0.9421617955273724,-2.566632513789089
263,0,0,13,20,93,62,0.16129032258064516,52,10,10,7,3,5,,7,1,,0,-1.6126328035396387,-0.35682604639097765
264,0,0,20,46,54,17,0.4117647058823529,10,7,3,15,4,12,5.5,13,0,5.0,1,0.22269747900051726,0.015388301225707954
265,1,0,7,9,39,15,0.26666666666666666,11,4,4,6,3,4,,6,1,,0,-0.3219656908977875,-1.927828951527308
266,0,1,14,39,79,44,0.1590909090909091,37,7,8,19,2,8,2.0,10,1,,0,-0.7264047217289745,0.1948337786361775
267,0,0,14,52,29,11,0.45454545454545453,6,5,1,3,3,6,6.5,13,0,7.0,1,1.2085998506024762,-1.0126006949716284
268,0,0,12,47,34,5,0.6,2,3,1,10,4,9,7.0,13,0,8.5,1,1.3470483402078937,-0.12480194676434728
269,1,0,8,8,52,21,0.5714285714285714,9,12,5,11,3,3,,3,1,,0,-0.19863177359420198,-0.5576573444491977
270,0,0,18,54,19,8,0.875,1,7,1,1,2,9,8.5,13,0,7.5,1,1.2644324120170911,-0.19520308799594335
271,0,1,17,53,0,0,,0,0,0,0,0,10,6.5,13,0,8.5,1,1.5313073668148516,-0.28544480213447454
272,0,1,13,38,0,0,,0,0,0,0,0,3,3.5,13,0,6.5,1,0.1506708115993848,-0.9101524889598123
273,0,0,18,45,102,56,0.3392857142857143,37,19,10,18,4,9,4.5,13,0,5.0,1,-0.4673913906762909,0.5641408047750945
274,0,0,15,41,67,33,0.3939393939393939,20,13,5,9,4,7,,13,0,7.5,1,-0.4724818477893214,-0.09092745325349152
275,0,0,16,63,103,50,0.32,34,16,11,23,4,11,6.5,13,0,4.5,0,-0.6740078634777668,1.4800055935430774
276,0,0,19,57,36,10,0.9,1,9,1,6,4,12,7.0,13,0,9.0,1,1.7405778903716058,0.9905108136117977
277,0,0,23,67,67,39,0.3076923076923077,27,12,2,7,4,9,4.0,13,0,3.0,0,-0.3553201708632865,0.40314866053700676
278,1,0,5,21,0,0,,0,0,0,0,0,1,,13,1,,0,-0.15978271587400528,-2.7992497967540855
279,1,0,8,16,17,5,0.4,3,2,1,3,2,4,6.0,13,1,,0,0.4003665621708999,-1.525925610830713
280,0,1,21,58,75,52,0.19230769230769232,42,10,6,8,2,8,2.5,13,0,6.5,1,-1.234257100046208,0.47121639892736933
281,0,0,17,49,18,8,0.5,4,4,0,0,2,7,5.5,13,0,5.0,1,0.11327182333384687,-0.9719073354104029
282,1,0,9,20,11,0,,0,0,0,0,3,10,9.0,13,0,10.0,1,2.049741142100836,-0.692311846917316
283,0,1,7,33,32,20,0.1,18,2,1,6,1,6,5.0,13,0,3.5,0,-0.371822860371203,-0.642759439528631
284,1,0,4,14,22,5,0.4,3,2,2,10,1,5,7.0,13,0,5.0,1,-0.020668922491445474,-1.667595575141933
285,1,0,7,7,18,10,0.2,8,2,2,1,1,1,,4,1,,0,-1.5382354555688658,-1.176327006487956
286,1,0,3,13,0,0,,0,0,0,0,0,1,,8,1,,0,-2.461325180233548,-1.1600749380030635
287,0,0,19,30,16,3,,0,3,2,2,2,3,,6,1,,0,0.810519238326042,-1.9077668201921163
288,0,1,11,40,0,0,,0,0,0,0,0,6,3.5,13,0,3.5,0,-1.5839264987953539,0.21072769472552777
289,0,0,13,49,59,20,0.55,9,11,6,15,4,8,4.5,13,0,5.5,1,-0.03743932860449427,0.3527737897514524
290,0,0,16,58,33,8,0.375,5,3,0,10,3,11,4.0,13,0,4.0,0,0.0924248890512435,0.34175273387526695
291,1,0,6,14,54,36,0.1111111111111111,32,4,5,3,2,4,0.0,13,0,1.5,0,-3.126732748157317,-1.243070267416979
292,1,0,7,28,0,0,,0,0,0,0,0,1,3.5,13,0,6.0,1,-0.9085875034493065,-2.2019343392042434
293,0,1,18,55,18,7,0.42857142857142855,4,3,2,5,1,8,6.5,13,0,5.5,1,-1.1184149745554024,-0.09900828746656688
294,1,0,9,18,73,34,0.4411764705882353,19,15,5,14,4,9,,13,0,5.0,1,-0.49859212684346177,0.6962822986412196
295,1,0,9,24,30,7,0.7142857142857143,2,5,0,6,4,10,8.5,13,0,6.5,1,1.3263655759549149,-0.5156147291130445
296,0,0,13,13,52,20,0.5,10,10,6,13,3,3,,4,1,,0,-0.08758213979844832,0.17252044951680018
297,0,0,19,51,144,99,0.20202020202020202,79,20,11,14,4,10,4.5,13,0,5.0,1,-1.1791836856820996,1.2451918568972837
298,0,1,26,70,26,13,0.07692307692307693,12,1,1,3,2,5,2.5,13,1,,0,-1.0286461105657325,-1.1127582489803767
