student_id,sheet,exercise,week,late,sequence
1,1,1,1,0,S
1,1,3,1,0,EEEESSS
1,1,5,1,0,SSS
1,2,1,2,0,EEE
1,2,2,2,0,S
1,2,3,2,0,S
1,2,4,2,0,ESESE
1,2,5,2,0,E
1,3,1,3,0,SS
1,3,2,3,0,S
1,3,3,3,0,EE
1,3,4,3,0,EE
1,3,5,3,0,EE
1,4,1,4,0,EE
1,4,2,4,0,S
1,4,3,4,0,EEESSS
1,4,4,4,0,EESSEEEEEES
1,4,5,4,0,EEES
2,1,1,1,0,S
2,1,2,1,0,E
2,1,3,1,0,SS
2,1,4,1,0,E
2,1,5,1,0,S
2,4,1,4,0,EES
2,4,3,4,0,SSSS
2,4,4,4,0,E
2,4,5,4,0,EESSE
3,1,1,1,0,SSSEESS
3,1,3,1,0,SSEEEEEE
3,1,4,1,0,E
3,1,5,1,0,SEEEEEEEESSEESSEEES
3,2,3,2,0,E
3,2,4,2,0,SSSSSEEE
3,2,5,2,0,SEEEEE
4,1,1,1,0,E
4,1,2,1,0,ESSS
4,1,3,1,0,S
4,1,4,1,0,SS
4,1,5,1,0,SESS
4,2,1,2,0,ESSES
4,2,2,2,0,S
4,2,3,2,0,SSS
4,2,4,2,0,SSS
4,2,5,2,0,ES
4,4,1,4,0,SSEESS
4,4,3,4,0,ESS
4,4,4,4,0,SS
4,4,5,4,0,SSS
5,1,1,1,0,S
5,1,2,1,0,S
5,1,3,1,0,SEEEES
5,1,4,1,0,S
5,1,5,1,0,SSSESSSESSSEEEESSSSS
5,2,1,2,0,EES
5,2,2,2,0,S
5,2,4,2,0,EES
5,3,2,3,0,SEEEEEESSEESS
5,3,3,3,0,S
5,3,4,3,0,SEEE
5,3,5,3,0,EEEEES
5,4,1,4,0,SS
5,4,2,4,0,S
5,4,3,4,0,SSSESES
5,4,4,4,0,ESSS
5,4,5,4,0,EEEEEEEEEEEESEE
6,1,1,1,0,S
6,1,2,1,0,ES
6,1,3,1,0,S
6,1,4,1,0,S
6,1,5,1,0,SES
6,3,1,3,0,EES
6,3,2,3,0,S
6,3,3,3,0,ES
6,3,4,3,0,ESS
6,3,5,3,0,S
6,4,1,4,0,EEEEEEE
6,4,3,4,0,S
6,4,4,4,0,S
6,4,5,4,0,S
7,2,1,2,0,SS
7,2,2,2,0,EEEEEESESEEEEEEE
7,2,3,2,0,EEEEES
7,2,4,2,0,EE
7,2,5,2,0,EESES
8,1,1,1,0,S
8,1,2,1,0,EEESS
8,1,5,1,0,SES
8,2,1,2,0,S
8,2,2,2,0,S
8,2,3,2,0,S
8,2,4,2,0,EESS
8,2,5,2,0,SSSS
8,3,1,3,0,ESSSS
8,3,2,3,0,S
8,3,3,3,0,EESE
8,3,4,3,0,S
8,3,5,3,0,SSESES
8,4,1,4,0,S
8,4,2,4,0,S
8,4,4,4,0,S
8,4,5,4,0,S
9,4,1,4,0,E
9,4,2,4,0,EE
9,4,4,4,0,E
9,4,5,4,0,E
10,1,1,1,0,SEEE
10,1,2,1,0,SESSSSEEEEESE
10,1,3,1,0,SEEESESSS
10,1,4,1,0,EEEEES
10,2,1,2,0,ES
10,2,2,2,0,SEES
10,2,3,2,0,EEEESEEE
10,2,4,2,0,SSSSSEE
10,2,5,2,0,SSSE
10,3,1,3,0,EES
10,3,2,3,0,ESESEE
10,3,3,3,0,SSSSSS
10,3,4,3,0,EES
10,3,5,3,0,EEEEES
10,4,1,4,0,EEEEEE
10,4,2,4,0,EEEEEEESSEES
10,4,3,4,0,ES
10,4,4,4,0,SS
10,4,5,4,0,EES
11,1,1,1,0,EESSS
11,1,3,1,0,S
11,1,4,1,0,EEESSEEESSSSS
11,1,5,1,0,ESSSSSSSEEESEES
11,2,2,2,0,S
11,2,3,2,0,EE
11,2,4,2,0,SEEESSESEESEEEEEEEEEEESSESEESE
11,3,1,3,0,S
11,3,2,3,0,ES
11,3,3,3,0,S
11,3,4,3,0,EEEESSSESEESSEEEES
11,3,5,3,0,ESS
11,4,1,4,0,SSSS
11,4,2,4,0,EESEEES
11,4,3,4,0,SSS
11,4,4,4,0,EES
11,4,5,4,0,EEEEES
12,3,1,3,0,SS
12,3,2,3,0,SE
12,3,3,3,0,E
12,3,4,3,0,S
12,3,5,3,0,S
13,1,1,1,0,S
13,1,2,1,0,ES
13,1,3,1,0,S
13,1,4,1,0,S
13,1,5,1,0,SS
13,3,1,3,0,SESS
13,3,2,3,0,ESSS
13,3,3,3,0,S
13,3,4,3,0,E
13,3,5,3,0,EESS
13,4,1,4,0,S
13,4,2,4,0,ES
13,4,3,4,0,SS
13,4,4,4,0,EESSS
13,4,5,4,0,SS
14,1,1,1,0,S
14,1,2,1,0,S
14,1,3,1,0,SS
14,1,4,1,0,S
14,1,5,1,0,S
14,2,2,2,0,ES
14,2,3,2,0,EESSS
14,2,5,2,0,S
14,3,1,3,0,ES
14,3,2,3,0,SSSES
14,3,3,3,0,EE
14,3,4,3,0,S
14,3,5,3,0,ES
14,4,1,4,0,S
14,4,2,4,0,SS
14,4,3,4,0,SS
14,4,4,4,0,SS
14,4,5,4,0,SS
15,2,1,2,0,ESSSES
15,2,2,2,0,SS
15,2,4,2,0,EE
15,2,5,2,0,EES
15,3,1,3,0,SES
15,3,2,3,0,SSSS
15,3,3,3,0,SS
15,3,4,3,0,SEES
15,3,5,3,0,SS
15,4,1,4,0,EES
15,4,2,4,0,ESS
15,4,3,4,0,S
15,4,4,4,0,SS
15,4,5,4,0,ES
16,1,1,1,0,EEEEEESSEEEEES
16,1,2,1,0,SSEEEEEEEEE
16,1,3,1,0,SS
16,1,4,1,0,EEEEEEEEEEEEEEEEES
16,1,5,1,0,ESSSSSEEEEEEEESEEESS
16,2,1,2,0,ES
16,2,2,2,0,ESSSEEEESEESEE
16,2,3,2,0,E
16,2,4,2,0,SEESSSE
16,2,5,2,0,SSEEEESES
16,3,1,3,0,EEEEEES
16,3,2,3,0,EEE
16,3,3,3,0,EE
16,3,4,3,0,EEEES
16,3,5,3,0,SESSEEEES
17,1,1,1,0,EEEEEEEEEEEESS
17,1,3,1,0,ESSSEES
17,1,4,1,0,E
17,1,5,1,0,S
17,2,1,2,0,SS
17,2,2,2,0,EEEEEESEEEEEES
17,2,3,2,0,EEESEEE
17,2,4,2,0,EEEEEEEEEESSSSE
17,2,5,2,0,EEEEES
17,3,1,3,0,EEES
17,3,2,3,0,SS
17,3,3,3,0,SEEEEES
17,3,4,3,0,SS
17,3,5,3,0,S
17,4,1,4,0,S
17,4,2,4,0,SEESESS
17,4,4,4,0,ESSSEEEEEEEEEEEEEEEEEEESS
17,4,5,4,0,ESEEE
18,4,1,4,0,E
18,4,2,4,0,SSEE
18,4,3,4,0,EEE
18,4,5,4,0,SE
19,1,1,1,0,S
19,1,2,1,0,EEEEEEE
19,1,3,1,0,SSSSESES
19,1,4,1,0,SEES
19,2,1,2,0,S
19,2,2,2,0,EE
19,2,3,2,0,SS
19,2,4,2,0,E
19,3,1,3,0,EEE
19,3,2,3,0,SS
19,3,4,3,0,ESSSSS
19,3,5,3,0,EES
19,4,1,4,0,E
19,4,3,4,0,S
19,4,4,4,0,EEEES
19,4,5,4,0,SES
20,2,2,2,0,SS
20,2,3,2,0,EESESES
20,2,4,2,0,ES
20,2,5,2,0,SEEEEEESEEESSES
20,3,1,3,0,EEEE
20,3,2,3,0,SSSS
20,3,3,3,0,EESS
20,3,4,3,0,EEEESSS
20,3,5,3,0,S
21,1,1,1,0,ES
21,1,2,1,0,E
21,1,3,1,0,EEEESEE
21,1,4,1,0,ESSSEESSSSSES
21,2,1,2,0,SEEEEEE
21,2,2,2,0,SSSSESSEEEESEESSEEEE
21,2,4,2,0,SSSSEE
21,2,5,2,0,EEEES
21,3,1,3,0,EEEESS
21,3,2,3,0,EEE
21,3,3,3,0,ESS
21,3,4,3,0,EEESEEEEE
21,3,5,3,0,E
21,4,1,4,0,E
21,4,2,4,0,SS
21,4,4,4,0,S
21,4,5,4,0,EEEEEEEEEEEESSSEEEEEEEEEE
22,1,2,1,0,SS
22,1,3,1,0,ES
22,1,4,1,0,SES
22,1,5,1,0,SS
22,2,1,2,0,S
22,2,2,2,0,S
22,2,3,2,0,S
22,2,4,2,0,EES
22,2,5,2,0,S
22,3,1,3,0,ES
22,3,2,3,0,ESSS
22,3,3,3,0,S
22,3,4,3,0,SES
22,3,5,3,0,S
22,4,1,4,0,S
22,4,2,4,0,ESSS
22,4,3,4,0,SSS
22,4,4,4,0,ESEES
22,4,5,4,0,S
23,1,1,1,0,EESEEEESS
23,1,2,1,0,EES
23,1,3,1,0,EEEEEEES
23,1,4,1,0,EESESEESESSS
23,2,2,2,0,S
23,2,3,2,0,SSES
23,2,4,2,0,EESS
23,2,5,2,0,SEES
23,3,1,3,0,E
23,3,3,3,0,SES
23,3,4,3,0,ES
23,3,5,3,0,S
23,4,1,4,0,SS
23,4,2,4,0,SSSSS
23,4,3,4,0,EESS
23,4,4,4,0,SES
23,4,5,4,0,S
24,1,1,1,0,EEEEEEESSEEEEEEEEEEEEEEEEESEEE
24,1,2,1,0,S
24,1,3,1,0,SS
24,1,4,1,0,EEEEEEEEEEEESSEESSESSSEEEEEEEE
24,1,5,1,0,EEEEEESESEEEEEEEEEEEESS
24,2,1,2,0,EEEES
24,2,2,2,0,S
24,2,3,2,0,SEEEEEEEEEEEEEEEEEEEEEEEESEEES
24,2,4,2,0,ESS
24,2,5,2,0,EEEEEEEES
24,3,1,3,0,EES
24,3,2,3,0,EEEEEEESEEEEEEEEEEESESSSEE
24,3,3,3,0,EESEEEEEEEEEEEEEEESEEEEEEEEEEE
24,3,4,3,0,EEEEESS
24,3,5,3,0,SEEEEEESE
24,4,1,4,0,EEEEEES
24,4,2,4,0,EESEEEEESSSSSS
24,4,3,4,0,EEEEEEEE
24,4,4,4,0,EEEEEEEEEESSSSSSSSEEESSSEEEEEE
24,4,5,4,0,EEEEEEEES
25,2,1,2,0,SESS
25,2,3,2,0,S
25,2,4,2,0,EESE
25,2,5,2,0,E
25,4,1,4,0,E
25,4,3,4,0,E
25,4,4,4,0,EEEESSE
25,4,5,4,0,EEE
26,3,1,3,0,SSEEESS
26,3,2,3,0,SSSES
26,3,3,3,0,SSEEEEESEESES
26,3,4,3,0,S
26,3,5,3,0,EEES
27,1,2,1,0,EEEEEEEEESE
27,1,3,1,0,ESEEEEEEEEEEEES
27,1,4,1,0,EESEEEEESSESEE
27,1,5,1,0,EESEESESE
27,2,1,2,0,SS
27,2,2,2,0,EEEEEEEEEEEE
27,2,4,2,0,SSEEE
27,2,5,2,0,E
27,3,1,3,0,ESE
27,3,3,3,0,E
27,3,4,3,0,EEEE
27,3,5,3,0,EEE
28,1,1,1,0,S
28,1,2,1,0,EES
28,1,3,1,0,S
28,1,4,1,0,S
28,1,5,1,0,ES
28,2,1,2,0,SES
28,2,2,2,0,S
28,2,3,2,0,ES
28,2,4,2,0,ES
28,2,5,2,0,SSSSSS
28,3,1,3,0,SS
28,3,2,3,0,S
28,3,3,3,0,SS
28,3,4,3,0,S
28,3,5,3,0,S
28,4,1,4,0,S
28,4,2,4,0,SS
28,4,3,4,0,S
28,4,4,4,0,SS
28,4,5,4,0,SS
29,1,1,1,0,EESSSEEES
29,1,2,1,0,EEEEEEEEEEES
29,1,3,1,0,EEEEESEEEEEEEEEEESSEEESSSSEEE
29,1,4,1,0,EEEEEEEEESESSSSS
29,2,1,2,0,EEEEESES
29,2,2,2,0,EEESSEEEEEEEEES
29,2,3,2,0,EEEE
29,2,4,2,0,EEEEEESEEEEEEES
29,2,5,2,0,EEEE
29,4,1,4,0,SSSSEESS
29,4,2,4,0,EEESS
29,4,3,4,0,EEEEEEEEESSEESEEESEEEESSSSEEEE
29,4,4,4,0,EEEEEESS
29,4,5,4,0,S
30,1,1,1,0,SS
30,1,2,1,0,EEESSS
30,1,3,1,0,SS
30,1,4,1,0,EESS
30,1,5,1,0,EEEESES
30,2,1,2,0,EEES
30,2,2,2,0,ES
30,2,3,2,0,ES
30,2,4,2,0,EEES
30,2,5,2,0,SSESSSEEESSEESS
30,3,1,3,0,S
30,3,3,3,0,ES
30,3,4,3,0,ESSEE
30,3,5,3,0,SESESS
30,4,1,4,0,S
30,4,2,4,0,EEESSSEES
30,4,3,4,0,S
30,4,4,4,0,SS
30,4,5,4,0,S
31,1,1,1,0,EESES
31,1,2,1,0,ES
31,1,3,1,0,SES
31,1,4,1,0,S
31,1,5,1,0,S
31,2,1,2,0,EEE
31,2,2,2,0,S
31,2,3,2,0,EESS
31,2,4,2,0,S
31,2,5,2,0,SSS
31,3,1,3,0,SS
31,3,2,3,0,S
31,3,3,3,0,SS
31,3,4,3,0,ESESSSS
31,3,5,3,0,S
31,4,1,4,0,S
31,4,2,4,0,ES
31,4,3,4,0,S
31,4,4,4,0,S
31,4,5,4,0,SSS
32,1,1,1,0,SS
32,1,2,1,0,EEEESS
32,1,3,1,0,SS
32,1,4,1,0,EESS
32,1,5,1,0,E
32,2,1,2,0,EEEEEEESS
32,2,2,2,0,EEEEEEE
32,2,3,2,0,EEE
32,2,4,2,0,S
32,2,5,2,0,EESES
32,3,1,3,0,E
32,3,2,3,0,SEEEEEEEEES
32,3,3,3,0,ESEEEEEEEEES
32,3,4,3,0,EEESS
32,3,5,3,0,SSSS
32,4,1,4,0,E
32,4,2,4,0,ESE
32,4,4,4,0,EEEESEEEEEEEEEEESS
32,4,5,4,0,SSS
33,2,1,2,0,ES
33,2,2,2,0,EEEES
33,2,3,2,0,S
33,2,4,2,0,E
33,2,5,2,0,ESS
33,3,1,3,0,ES
33,3,2,3,0,EESE
33,3,3,3,0,S
33,3,4,3,0,SSSEESSSSS
33,3,5,3,0,EES
33,4,1,4,0,ES
33,4,2,4,0,ESSSSS
33,4,4,4,0,SSS
33,4,5,4,0,SS
34,1,1,1,0,EEEESEEEEEE
34,1,2,1,0,EEEE
34,1,3,1,0,EEEEEESSEEEEESSSSSEEEE
34,1,4,1,0,EESEEEEEEEE
34,1,5,1,0,EEEEE
34,2,1,2,0,SEES
34,2,2,2,0,EE
34,2,4,2,0,EEE
34,3,1,3,0,EESSS
34,3,2,3,0,SEESEEEESE
34,3,3,3,0,S
34,3,4,3,0,ESEEEEEEES
34,3,5,3,0,EEE
35,1,2,1,0,EEE
35,1,3,1,0,ES
35,1,4,1,0,E
35,1,5,1,0,SSS
36,1,1,1,0,EEEESS
36,1,2,1,0,SEEES
36,1,3,1,0,ESS
36,1,4,1,0,EES
36,1,5,1,0,ES
36,2,1,2,0,S
36,2,2,2,0,S
36,2,4,2,0,EEE
36,2,5,2,0,S
36,3,1,3,0,S
36,3,3,3,0,SEES
36,3,4,3,0,ES
36,3,5,3,0,S
37,2,1,2,0,EEEESSSE
37,2,2,2,0,E
37,2,3,2,0,EEEEEEESSEEESEEEEEE
37,2,4,2,0,SSES
37,2,5,2,0,E
37,3,1,3,0,EE
37,3,3,3,0,E
37,3,4,3,0,ES
37,3,5,3,0,EEES
37,4,1,4,0,EE
37,4,2,4,0,SE
37,4,3,4,0,EEEEEE
37,4,4,4,0,EEEEEE
37,4,5,4,0,EEEEEESEEESSSE
38,1,1,1,0,S
38,1,2,1,0,SES
38,1,3,1,0,SS
38,1,4,1,0,SSS
38,1,5,1,0,EES
38,2,1,2,0,ES
38,2,2,2,0,SS
38,2,3,2,0,S
38,2,4,2,0,S
38,2,5,2,0,E
38,4,1,4,0,EE
38,4,2,4,0,EES
38,4,3,4,0,EESSSS
38,4,4,4,0,S
38,4,5,4,0,ES
39,1,1,1,0,EESES
39,1,3,1,0,S
39,1,4,1,0,EEEEES
39,1,5,1,0,ESESSSSS
39,4,1,4,0,ES
39,4,2,4,0,ESS
39,4,3,4,0,EES
39,4,4,4,0,ESS
39,4,5,4,0,E
40,1,2,1,0,EES
40,1,3,1,0,S
40,1,4,1,0,S
40,1,5,1,0,SS
42,1,1,1,0,EEEEEEEE
42,1,2,1,0,EE
42,1,4,1,0,E
42,1,5,1,0,E
43,4,1,4,0,EEEEEE
43,4,2,4,0,SEEE
43,4,3,4,0,EEEEESEEESEEEEE
43,4,4,4,0,EES
43,4,5,4,0,SE
44,1,1,1,0,SSEES
44,1,2,1,0,S
44,1,3,1,0,S
44,1,4,1,0,EEESEEEES
44,1,5,1,0,S
44,2,1,2,0,S
44,2,2,2,0,ES
44,2,3,2,0,ES
44,2,4,2,0,EEEESS
44,2,5,2,0,SE
44,3,1,3,0,SSSSS
44,3,2,3,0,S
44,3,3,3,0,SS
44,3,4,3,0,S
44,3,5,3,0,ESEES
44,4,1,4,0,SSSS
44,4,2,4,0,S
44,4,3,4,0,SS
44,4,4,4,0,SESS
44,4,5,4,0,ESSS
45,4,1,4,0,SS
45,4,2,4,0,SSS
45,4,3,4,0,SSSS
45,4,4,4,0,S
45,4,5,4,0,S
46,2,1,2,0,ES
46,2,2,2,0,EES
46,2,3,2,0,EES
46,2,4,2,0,EESSS
46,2,5,2,0,EEES
46,3,1,3,0,SS
46,3,2,3,0,EEES
46,3,3,3,0,SS
46,3,4,3,0,S
46,3,5,3,0,ES
47,1,1,1,0,SE
47,1,2,1,0,S
47,1,4,1,0,EEE
47,1,5,1,0,SSSES
47,3,1,3,0,EES
47,3,2,3,0,SE
47,3,3,3,0,S
47,3,4,3,0,EESSS
47,3,5,3,0,EES
47,4,1,4,0,SS
47,4,2,4,0,SSS
47,4,3,4,0,EES
47,4,4,4,0,EE
47,4,5,4,0,EES
48,1,1,1,0,SS
48,1,2,1,0,E
48,1,4,1,0,E
48,1,5,1,0,EE
48,2,1,2,0,E
48,2,2,2,0,SSSSSEEE
48,2,3,2,0,EE
48,2,4,2,0,E
48,2,5,2,0,EEEE
48,3,1,3,0,EE
48,3,2,3,0,E
48,3,3,3,0,SSSSSEEESE
48,3,4,3,0,ESSSSEEEE
48,3,5,3,0,E
49,2,1,2,0,SS
49,2,2,2,0,S
49,2,3,2,0,ESS
49,2,4,2,0,S
49,2,5,2,0,S
49,4,1,4,0,EEEESE
49,4,2,4,0,ES
49,4,3,4,0,SSEESEEE
49,4,4,4,0,EEES
49,4,5,4,0,ES
50,1,1,1,0,E
50,1,2,1,0,EEEESEESEEEEESS
50,1,3,1,0,SSSE
50,1,4,1,0,SSEEEE
50,1,5,1,0,ESEEEEEEES
50,2,1,2,0,EEEEEEES
50,2,2,2,0,EES
50,2,3,2,0,EES
50,2,4,2,0,S
50,2,5,2,0,EEEEEESS
50,3,1,3,0,E
50,3,2,3,0,S
50,3,3,3,0,SE
50,3,4,3,0,EEES
50,3,5,3,0,EESSE
50,4,1,4,0,EEEEEESS
50,4,2,4,0,ES
50,4,4,4,0,E
50,4,5,4,0,E
51,1,1,1,0,SSS
51,1,2,1,0,SSSEESSSSS
51,1,3,1,0,ESSES
51,1,5,1,0,S
51,2,1,2,0,SSEEEEEEESEESSEEES
51,2,2,2,0,EEEESES
51,2,3,2,0,SSS
51,2,4,2,0,ESS
51,3,1,3,0,EEEEESEEEE
51,3,2,3,0,SES
51,3,4,3,0,SSS
51,3,5,3,0,S
51,4,1,4,0,EESSSS
51,4,2,4,0,EESSEEEESS
51,4,4,4,0,EEESS
51,4,5,4,0,E
52,1,2,1,0,SEEEEEE
52,1,3,1,0,SS
52,1,4,1,0,SS
52,1,5,1,0,EEE
52,2,1,2,0,SE
52,2,3,2,0,EEEEEEEEEEEEEEEEEEESSE
52,3,1,3,0,E
52,3,2,3,0,EEEEEEEESSSEEEEE
52,3,4,3,0,S
52,3,5,3,0,SE
53,2,3,2,0,ESSS
53,2,4,2,0,EE
53,2,5,2,0,SS
53,3,1,3,0,EE
53,3,2,3,0,EESSSS
53,3,4,3,0,E
53,3,5,3,0,EEEE
53,4,1,4,0,E
53,4,2,4,0,SEEES
53,4,3,4,0,S
53,4,4,4,0,EE
53,4,5,4,0,EEEESE
54,1,1,1,0,ESS
54,1,2,1,0,E
54,1,4,1,0,ESESSSSSS
54,1,5,1,0,E
54,2,1,2,0,S
54,2,2,2,0,SSS
54,2,4,2,0,ESS
54,2,5,2,0,SSES
54,4,1,4,0,EEE
54,4,2,4,0,S
54,4,3,4,0,SSES
54,4,4,4,0,ESS
54,4,5,4,0,E
55,2,1,2,0,S
55,2,2,2,0,EESEE
55,2,3,2,0,SS
55,2,4,2,0,SS
55,2,5,2,0,EEE
55,3,1,3,0,EESSS
55,3,2,3,0,S
55,3,3,3,0,EEEES
55,3,4,3,0,SSS
55,3,5,3,0,E
56,1,2,1,0,S
56,1,4,1,0,EESS
56,2,1,2,0,SSSESES
56,2,2,2,0,EE
56,2,5,2,0,S
56,3,1,3,0,ESS
56,3,2,3,0,ES
56,3,3,3,0,E
56,3,4,3,0,ES
56,3,5,3,0,S
56,4,1,4,0,EESSSS
56,4,2,4,0,S
56,4,3,4,0,E
56,4,4,4,0,S
56,4,5,4,0,EESS
57,3,1,3,0,EEEEEE
57,3,3,3,0,SSSS
57,3,4,3,0,EE
57,3,5,3,0,E
57,4,1,4,0,E
57,4,2,4,0,E
57,4,3,4,0,SSSESEEEEEESS
57,4,4,4,0,EEE
58,1,1,1,0,S
58,1,2,1,0,S
58,1,3,1,0,EES
58,1,4,1,0,S
58,1,5,1,0,SEE
58,2,1,2,0,E
58,2,2,2,0,SES
58,2,3,2,0,ESES
58,2,4,2,0,EESSS
58,2,5,2,0,EES
58,4,1,4,0,SSS
58,4,2,4,0,S
58,4,3,4,0,SESES
58,4,4,4,0,EES
58,4,5,4,0,ES
59,1,2,1,0,EEES
59,1,3,1,0,S
59,1,4,1,0,SEEEESEE
59,2,1,2,0,SSS
59,2,2,2,0,ESSS
59,2,4,2,0,S
59,3,1,3,0,S
59,3,2,3,0,SS
59,3,3,3,0,S
59,3,4,3,0,ESS
59,3,5,3,0,S
59,4,1,4,0,S
59,4,2,4,0,SSES
59,4,3,4,0,S
59,4,4,4,0,EEEEEESS
59,4,5,4,0,EESSES
60,1,1,1,0,EEESSS
60,1,2,1,0,S
60,1,3,1,0,EEEEES
60,1,4,1,0,SEE
60,1,5,1,0,EES
60,3,1,3,0,S
60,3,2,3,0,S
60,3,3,3,0,EES
60,3,4,3,0,ESSSSSSSSSS
60,3,5,3,0,EES
60,4,1,4,0,EEEE
60,4,2,4,0,EEES
60,4,3,4,0,ESSEEEEEES
60,4,4,4,0,EEESESSEEEEEEESESSSSS
60,4,5,4,0,ESSES
61,1,1,1,0,SEEEESS
61,1,2,1,0,S
61,1,3,1,0,ESSSEEESSSSEEESSSSE
61,1,4,1,0,S
61,1,5,1,0,ES
61,2,1,2,0,EESESS
61,2,4,2,0,ESSS
61,2,5,2,0,SS
61,3,1,3,0,S
61,3,2,3,0,SESS
61,3,3,3,0,S
61,3,4,3,0,E
61,3,5,3,0,S
61,4,2,4,0,ESSEEEEE
61,4,3,4,0,S
61,4,4,4,0,E
61,4,5,4,0,EESS
62,1,1,1,0,SSS
62,1,2,1,0,SS
62,1,3,1,0,EE
62,1,4,1,0,SS
62,1,5,1,0,S
62,3,2,3,0,SSSEE
62,3,3,3,0,S
62,3,4,3,0,E
62,3,5,3,0,E
63,4,1,4,0,ES
63,4,2,4,0,ESEEE
63,4,3,4,0,SSS
63,4,4,4,0,SS
63,4,5,4,0,ES
65,1,1,1,0,EEEEEEESSSSSS
65,1,2,1,0,EEEEEEEEEEEEEEEE
65,1,4,1,0,EEEEE
65,1,5,1,0,EE
65,3,1,3,0,ESE
65,3,2,3,0,SESSS
65,3,3,3,0,SEES
65,3,4,3,0,EEEEEEEE
65,3,5,3,0,SE
65,4,1,4,0,E
65,4,2,4,0,EEEE
65,4,3,4,0,EEESS
65,4,4,4,0,ESSSSEEEEEEEEE
66,1,1,1,0,S
66,1,2,1,0,SEEESES
66,1,3,1,0,S
66,1,4,1,0,ESS
66,1,5,1,0,E
66,2,1,2,0,S
66,2,2,2,0,EEEEEESSSEES
66,2,3,2,0,SS
66,2,4,2,0,S
66,2,5,2,0,SEEESESSS
66,3,1,3,0,S
66,3,2,3,0,SSES
66,3,3,3,0,ES
66,3,4,3,0,ES
66,3,5,3,0,SSSS
66,4,1,4,0,EESSS
66,4,2,4,0,EES
66,4,3,4,0,EESEESESEES
66,4,4,4,0,S
66,4,5,4,0,S
67,2,1,2,0,SSS
67,2,2,2,0,EEEESSSS
67,2,3,2,0,ESSS
67,2,4,2,0,E
67,2,5,2,0,EESSEEES
67,3,1,3,0,S
67,3,2,3,0,S
67,3,3,3,0,SSSS
67,3,4,3,0,ESSEEE
67,4,1,4,0,ESSS
67,4,2,4,0,ESS
67,4,3,4,0,EE
67,4,5,4,0,EEEEEEESSEEESS
68,3,1,3,0,SS
68,3,2,3,0,EE
68,3,3,3,0,S
68,3,4,3,0,S
68,3,5,3,0,EE
68,4,1,4,0,S
68,4,2,4,0,S
68,4,3,4,0,S
68,4,4,4,0,S
68,4,5,4,0,ES
69,1,1,1,0,E
69,1,2,1,0,S
69,1,3,1,0,ESS
69,1,4,1,0,ES
69,1,5,1,0,EEESSE
69,2,2,2,0,S
69,2,3,2,0,EE
69,2,4,2,0,ES
69,2,5,2,0,SEE
69,3,2,3,0,SS
69,3,3,3,0,S
69,3,4,3,0,SEEESESSSS
69,4,1,4,0,SSSSE
69,4,2,4,0,SSS
69,4,3,4,0,EEE
69,4,4,4,0,SSS
69,4,5,4,0,ES
70,1,1,1,0,SEES
70,1,2,1,0,SS
70,1,3,1,0,ES
70,1,4,1,0,SSSSEESSSS
70,1,5,1,0,S
70,2,1,2,0,SS
70,2,2,2,0,EEEES
70,2,3,2,0,EESS
70,2,4,2,0,EEEEEEEEEEESSSSSSS
70,3,1,3,0,EES
70,3,2,3,0,EEEEEES
70,3,3,3,0,SES
70,3,4,3,0,EEEES
70,3,5,3,0,SSS
70,4,1,4,0,ES
70,4,2,4,0,ES
70,4,3,4,0,EESSSSSES
70,4,4,4,0,S
70,4,5,4,0,EEE
71,1,1,1,0,ESSSEESSS
71,1,2,1,0,SSESESSS
71,1,3,1,0,EEEES
71,1,4,1,0,SESESSSS
71,1,5,1,0,EEEEEEEEESS
71,2,1,2,0,SS
71,2,2,2,0,SSSS
71,2,3,2,0,EEESS
71,2,4,2,0,S
71,2,5,2,0,EEES
71,3,1,3,0,EEE
71,3,2,3,0,ESEESS
71,3,3,3,0,EEEESSSSES
71,3,4,3,0,EEEE
71,4,1,4,0,EESSS
71,4,2,4,0,EEE
71,4,3,4,0,EEEEEEESSSSSS
71,4,4,4,0,ESSEEEEE
71,4,5,4,0,EES
72,2,1,2,0,E
72,2,2,2,0,SSSSES
72,2,3,2,0,EEE
72,2,4,2,0,EEE
72,2,5,2,0,SS
73,2,1,2,0,EEEEEESEESS
73,2,2,2,0,S
73,2,3,2,0,EEEEEEEEEEEEEEEEEEEEEESSSSEEEE
73,2,5,2,0,SEEEEESEESEEEEEEEEES
73,3,1,3,0,EESSSEESSES
73,3,2,3,0,EEEEEEEES
73,3,3,3,0,S
73,3,4,3,0,EEEEES
73,3,5,3,0,EEEEEEEEEEEEEEEEEES
73,4,1,4,0,EEESSEEEEEEESS
73,4,2,4,0,EEEEEEEEESSS
73,4,3,4,0,EE
73,4,4,4,0,ES
73,4,5,4,0,EEEEEEEEEEEEEEESEEESEES
74,1,1,1,0,EEES
74,1,2,1,0,S
74,1,4,1,0,SS
74,1,5,1,0,S
74,2,1,2,0,EESSEE
74,2,2,2,0,S
74,2,3,2,0,S
74,2,4,2,0,ES
74,2,5,2,0,S
74,4,1,4,0,SS
74,4,2,4,0,SE
74,4,3,4,0,E
74,4,4,4,0,S
74,4,5,4,0,ES
75,1,1,1,0,EEEEEEEEESS
75,1,2,1,0,ESSSSSS
75,1,3,1,0,EEEEEEEES
75,1,4,1,0,EEEEESEEESS
75,1,5,1,0,EEEEEEEEEEEESEEEEESS
75,2,1,2,0,EEEEE
75,2,2,2,0,EEEEEEEEEEEEEEEEEESS
75,2,4,2,0,SS
75,2,5,2,0,EESEEES
75,3,1,3,0,EES
75,3,2,3,0,EEEEEEESEEESSS
75,3,3,3,0,ESSSEEEEEEEEESSSSEEEEEESSS
75,3,4,3,0,EEEEE
75,3,5,3,0,SSES
75,4,1,4,0,EEEEES
75,4,2,4,0,SEEEEEEEEEEEEEEESSSEESS
75,4,3,4,0,SSS
75,4,4,4,0,EEEEEEESEEEEES
75,4,5,4,0,SEEEEEEESS
76,1,1,1,0,ESS
76,1,2,1,0,EEES
76,1,3,1,0,EEE
76,1,4,1,0,EEESSSEEE
76,1,5,1,0,SSE
76,2,1,2,0,ES
76,2,2,2,0,EEEEEEEEEEEE
76,2,3,2,0,EEES
76,2,4,2,0,ESS
76,2,5,2,0,ES
76,3,1,3,0,SSS
76,3,2,3,0,SS
76,3,3,3,0,EEEEESSSSSS
76,3,4,3,0,SSS
76,3,5,3,0,S
76,4,1,4,0,EESEESSS
76,4,2,4,0,ESSSEEEES
76,4,3,4,0,EESSSSSEEEES
76,4,4,4,0,EEEE
76,4,5,4,0,S
77,1,1,1,0,SSESSS
77,1,2,1,0,ES
77,1,3,1,0,SS
77,1,4,1,0,SS
77,1,5,1,0,SS
78,2,1,2,0,EEE
78,2,2,2,0,EESEEESSEEEEEEEEEEE
78,2,3,2,0,EEEEEEE
78,2,4,2,0,EEEEESSSEEEEEEEEEEEEEEEE
78,2,5,2,0,SS
79,1,1,1,0,EEESESS
79,1,2,1,0,ESES
79,1,3,1,0,ESSEEEES
79,1,4,1,0,EESEEESSS
79,2,1,2,0,S
79,2,2,2,0,E
79,2,3,2,0,SEESESEEES
79,2,4,2,0,SS
79,2,5,2,0,ES
79,3,2,3,0,SSEEESSEEEEES
79,3,3,3,0,S
79,3,4,3,0,ESSS
79,4,1,4,0,S
79,4,2,4,0,EEEEEEEESESSSSS
79,4,3,4,0,EE
79,4,4,4,0,SEEESEEEEES
80,1,1,1,0,EEES
80,1,2,1,0,EEEESS
80,1,3,1,0,S
80,1,4,1,0,EESEEEEEEEEEEEEEEEEESSE
80,1,5,1,0,EESSEEESS
80,2,1,2,0,EE
80,2,2,2,0,ES
80,2,3,2,0,SEESSSSSES
80,2,4,2,0,ES
80,2,5,2,0,ES
80,3,1,3,0,EEEESSESSESEEEEEEE
80,3,3,3,0,EEEEEEESEES
80,3,4,3,0,ESS
80,3,5,3,0,EEE
80,4,1,4,0,S
80,4,2,4,0,EESESEESSSEEEES
80,4,3,4,0,SS
80,4,4,4,0,EEEEE
80,4,5,4,0,EE
81,1,1,1,0,EES
81,1,2,1,0,ESSSEESSSSS
81,1,3,1,0,SSEEEEESEEEEEEEEESEE
81,1,4,1,0,ES
81,1,5,1,0,SS
81,2,1,2,0,SE
81,2,2,2,0,SEEES
81,2,3,2,0,EES
81,2,4,2,0,EEES
81,2,5,2,0,EEEEEE
81,3,1,3,0,S
81,3,2,3,0,S
81,3,3,3,0,EEEESEEEESS
81,3,4,3,0,SSS
81,3,5,3,0,EEEEEESS
81,4,1,4,0,EEEEEEEE
81,4,3,4,0,EEESEEEEEESE
81,4,4,4,0,EESEEEEEEESEEEES
81,4,5,4,0,S
82,2,1,2,0,EEEESS
82,2,2,2,0,EEEEEEEES
82,2,3,2,0,SSSEEEE
82,2,4,2,0,EEEEE
82,2,5,2,0,EE
82,4,1,4,0,SS
82,4,2,4,0,SEEEESSEEEEEEEEE
82,4,3,4,0,EESEEE
82,4,4,4,0,ES
82,4,5,4,0,EEEESEEESS
83,1,1,1,0,E
83,1,2,1,0,EES
83,1,3,1,0,SES
83,1,4,1,0,ESS
83,1,5,1,0,EE
83,2,1,2,0,ES
83,2,2,2,0,S
83,2,3,2,0,SS
83,2,4,2,0,ES
83,2,5,2,0,S
83,3,1,3,0,ESS
83,3,2,3,0,ES
83,3,3,3,0,ESSSSSEES
83,3,4,3,0,EE
83,3,5,3,0,S
83,4,1,4,0,E
83,4,2,4,0,SS
83,4,3,4,0,S
83,4,4,4,0,EESEEEESEEEEEES
83,4,5,4,0,SES
84,1,1,1,0,SEESS
84,1,2,1,0,E
84,1,3,1,0,E
84,1,4,1,0,SSEES
84,1,5,1,0,S
84,2,1,2,0,EEE
84,2,2,2,0,SSEES
84,2,3,2,0,SS
84,2,4,2,0,E
84,2,5,2,0,EEESS
84,3,1,3,0,EEEEEES
84,3,2,3,0,EESSS
84,3,3,3,0,SSSSSSES
84,3,4,3,0,EEESSSSSESEESS
84,3,5,3,0,ESEEEESSSSS
84,4,2,4,0,SS
84,4,3,4,0,S
84,4,4,4,0,E
84,4,5,4,0,SEE
85,3,1,3,0,E
85,3,3,3,0,ES
85,3,4,3,0,SEEESS
85,3,5,3,0,EEEEEESEE
86,3,1,3,0,SEESEE
86,3,2,3,0,EES
86,3,3,3,0,ESSSES
86,3,5,3,0,EEE
87,1,1,1,0,ESEEES
87,1,2,1,0,EEEESS
87,1,3,1,0,ESEESS
87,1,4,1,0,E
87,1,5,1,0,EE
87,2,1,2,0,EEEE
87,2,2,2,0,EEEEEE
87,2,3,2,0,EEEEEEEE
87,2,5,2,0,EE
87,4,1,4,0,SEE
87,4,2,4,0,EEEEEEES
87,4,3,4,0,E
87,4,4,4,0,EEEEEEEE
88,1,1,1,0,S
88,1,2,1,0,ES
88,1,3,1,0,EEES
88,1,4,1,0,S
88,1,5,1,0,S
88,2,1,2,0,EEEEEEEEESSSSSEEEEESSSS
88,2,2,2,0,SE
88,2,3,2,0,EEEESS
88,2,4,2,0,SS
88,2,5,2,0,EES
89,2,1,2,0,EES
89,2,2,2,0,ESES
89,2,3,2,0,ESESS
89,2,4,2,0,SSS
89,2,5,2,0,EEEE
89,4,1,4,0,S
89,4,2,4,0,S
89,4,3,4,0,EESSESES
89,4,4,4,0,EESS
89,4,5,4,0,SS
90,1,1,1,0,EEEEE
90,1,2,1,0,EEEESS
90,1,3,1,0,S
90,1,4,1,0,EESS
90,1,5,1,0,SSSS
90,4,2,4,0,S
90,4,3,4,0,EESSS
90,4,4,4,0,EES
90,4,5,4,0,ESSS
92,1,1,1,0,S
92,1,2,1,0,ESSEEEEE
92,1,3,1,0,EEESS
92,1,4,1,0,SS
92,1,5,1,0,SS
92,2,1,2,0,SSEES
92,2,2,2,0,EEEEES
92,2,3,2,0,SEE
92,2,4,2,0,EEE
92,2,5,2,0,SESEEE
92,3,1,3,0,S
92,3,2,3,0,EEEEEESES
92,3,3,3,0,EEEE
92,3,4,3,0,EES
92,3,5,3,0,SEEESEEEEEEE
92,4,1,4,0,SSEEEESS
92,4,2,4,0,EEESS
92,4,3,4,0,E
92,4,4,4,0,EEEEESEEEEEEEEEESSSSESSS
92,4,5,4,0,ESEEE
93,1,1,1,0,EEEEEESSEEEEEEEEEEEEEEEEEEEEEE
93,1,2,1,0,EEEE
93,1,3,1,0,ESEEEEEEE
93,1,4,1,0,EEEE
93,1,5,1,0,EEEEEE
93,2,1,2,0,SEE
93,2,2,2,0,EEEEEEEEEEE
93,2,3,2,0,EEEE
93,2,4,2,0,E
93,2,5,2,0,E
93,3,1,3,0,EEEEEEEEEEEEEEEEEE
93,3,2,3,0,ES
93,3,3,3,0,EEE
93,3,4,3,0,EEEESSEEEEEEEEEEEEEE
93,3,5,3,0,SSEEEEEE
93,4,1,4,0,EEEEEEEEEEEEEEEESEEEE
93,4,2,4,0,EEEEEEEE
93,4,3,4,0,EEEEESES
93,4,4,4,0,EEEEEEEEEESSS
93,4,5,4,0,EEEESEE
94,2,1,2,0,SEESSEEESESS
94,2,2,2,0,SS
94,2,3,2,0,ESS
94,2,4,2,0,SS
94,2,5,2,0,EEEEEESSSSSSSS
95,1,1,1,0,E
95,1,2,1,0,EEEEEEESS
95,1,3,1,0,SESSESS
95,1,4,1,0,ES
95,1,5,1,0,SEEEESS
95,2,1,2,0,EEEE
95,2,2,2,0,ESSS
95,2,3,2,0,EESS
95,2,4,2,0,EEEEE
95,2,5,2,0,EEESS
95,3,1,3,0,EE
95,3,2,3,0,EEESE
95,3,3,3,0,EEE
95,3,4,3,0,S
95,3,5,3,0,ESESSEEEEESSEES
96,1,1,1,0,EEEEESEES
96,1,2,1,0,EEEEESSESES
96,1,3,1,0,SS
96,1,4,1,0,EEESESE
96,2,1,2,0,SSSES
96,2,3,2,0,S
96,2,4,2,0,EE
96,2,5,2,0,EEEESS
96,4,1,4,0,EEEE
96,4,3,4,0,E
96,4,5,4,0,S
97,1,1,1,0,EESES
97,1,2,1,0,EESS
97,1,3,1,0,EEES
97,1,4,1,0,S
97,1,5,1,0,SSS
97,2,1,2,0,EESS
97,2,2,2,0,EESSS
97,2,3,2,0,SS
97,2,4,2,0,SSSS
97,3,1,3,0,S
97,3,3,3,0,EEESSEEEEEEES
97,3,4,3,0,S
97,3,5,3,0,S
97,4,1,4,0,S
97,4,2,4,0,ESS
97,4,3,4,0,ES
97,4,4,4,0,S
97,4,5,4,0,SSES
98,2,1,2,0,EEEEEE
98,2,2,2,0,SEEESS
98,2,3,2,0,ESSE
98,2,4,2,0,SS
98,2,5,2,0,EES
99,1,1,1,0,SSSEES
99,1,2,1,0,SSSS
99,1,3,1,0,ESSSE
99,1,4,1,0,S
99,1,5,1,0,EE
99,3,1,3,0,ES
99,3,2,3,0,EESSEEEEEES
99,3,3,3,0,SESE
99,3,4,3,0,S
99,3,5,3,0,EES
100,1,1,1,0,ESS
100,1,2,1,0,SSS
100,1,3,1,0,ES
100,1,4,1,0,S
100,1,5,1,0,S
100,2,1,2,0,EES
100,2,2,2,0,SSS
100,2,4,2,0,ES
100,2,5,2,0,ES
100,3,1,3,0,S
100,3,2,3,0,S
100,3,3,3,0,SE
100,3,4,3,0,S
100,4,1,4,0,S
100,4,2,4,0,S
100,4,3,4,0,ES
100,4,4,4,0,SSS
100,4,5,4,0,SS
101,2,1,2,0,S
101,2,2,2,0,ESESS
101,2,4,2,0,SS
101,2,5,2,0,S
101,4,1,4,0,SS
101,4,2,4,0,EESS
101,4,3,4,0,S
101,4,4,4,0,E
102,2,1,2,0,EES
102,2,2,2,0,EEEESSSS
102,2,3,2,0,SS
102,2,4,2,0,ES
102,2,5,2,0,S
102,4,1,4,0,S
102,4,2,4,0,E
102,4,4,4,0,S
102,4,5,4,0,EEEEESE
103,1,1,1,0,EESSSE
103,1,2,1,0,EEEEEESSSES
103,1,3,1,0,SS
103,1,4,1,0,S
103,2,1,2,0,SS
103,2,2,2,0,EE
103,2,3,2,0,S
103,2,4,2,0,SEEES
103,2,5,2,0,EES
103,4,1,4,0,ES
103,4,2,4,0,S
103,4,3,4,0,S
103,4,4,4,0,EEEEEEESS
103,4,5,4,0,EEEES
105,2,1,2,0,E
105,2,2,2,0,EEES
105,2,3,2,0,EESES
105,2,4,2,0,EES
105,2,5,2,0,ES
105,3,1,3,0,S
105,3,2,3,0,SS
105,3,3,3,0,SSSS
105,3,5,3,0,ESSSS
105,4,1,4,0,SSS
105,4,2,4,0,EEEESSS
105,4,3,4,0,EESS
105,4,4,4,0,ESS
105,4,5,4,0,S
106,1,1,1,0,ESSSEESESEEEEEEEEEEE
106,1,2,1,0,EEEEEEEEEEEES
106,1,3,1,0,EEEESSEEEEEES
106,1,4,1,0,ESSSEEEEESEEEESSSEES
106,1,5,1,0,EEEEESEEEEEEEEES
106,2,1,2,0,ESEEEESSEEEES
106,2,2,2,0,S
106,2,3,2,0,EE
106,2,4,2,0,EEEEEEEEEEESSS
106,2,5,2,0,ES
106,3,1,3,0,SS
106,3,2,3,0,EEEE
106,3,3,3,0,EE
106,3,4,3,0,SEESEESESS
106,3,5,3,0,EEE
107,1,1,1,0,ESSEEESSSS
107,1,2,1,0,EEEES
107,1,3,1,0,EESSS
107,1,4,1,0,SSSS
107,1,5,1,0,ES
107,3,3,3,0,EEESS
107,3,4,3,0,EEES
107,3,5,3,0,SSEEEESSSS
107,4,1,4,0,S
107,4,2,4,0,EEES
107,4,3,4,0,S
107,4,4,4,0,SS
107,4,5,4,0,EES
109,1,1,1,0,SS
109,1,2,1,0,ESSESS
109,1,4,1,0,S
109,1,5,1,0,S
109,2,1,2,0,EEE
109,2,2,2,0,ES
109,2,4,2,0,S
109,2,5,2,0,ES
109,4,2,4,0,EESSSS
109,4,3,4,0,S
109,4,4,4,0,S
109,4,5,4,0,S
110,1,1,1,0,ES
110,1,2,1,0,SSS
110,1,4,1,0,SESS
110,1,5,1,0,S
110,2,2,2,0,S
110,2,3,2,0,S
110,2,4,2,0,ES
110,2,5,2,0,S
110,3,2,3,0,S
110,3,3,3,0,S
110,3,4,3,0,S
110,3,5,3,0,SSS
110,4,1,4,0,SSSS
110,4,2,4,0,S
110,4,3,4,0,SS
110,4,4,4,0,S
110,4,5,4,0,SSS
112,1,1,1,0,S
112,1,2,1,0,S
112,1,3,1,0,S
112,1,4,1,0,SS
112,1,5,1,0,S
112,2,1,2,0,S
112,2,2,2,0,S
112,2,3,2,0,S
112,2,4,2,0,SS
112,2,5,2,0,SES
112,3,1,3,0,S
112,3,2,3,0,S
112,3,3,3,0,S
112,3,4,3,0,S
112,3,5,3,0,SS
113,1,1,1,0,SSS
113,1,2,1,0,EESSS
113,1,3,1,0,E
113,1,5,1,0,SEESSS
113,2,1,2,0,E
113,2,2,2,0,SS
113,2,3,2,0,EEESSE
113,2,4,2,0,S
113,2,5,2,0,E
113,4,1,4,0,S
113,4,2,4,0,S
113,4,3,4,0,SEESSS
113,4,4,4,0,ESEEESS
113,4,5,4,0,EESS
115,2,1,2,0,SS
115,2,3,2,0,S
115,2,4,2,0,SS
115,2,5,2,0,S
115,3,1,3,0,S
115,3,2,3,0,ESSS
115,3,3,3,0,SS
115,3,4,3,0,S
115,3,5,3,0,SSS
115,4,1,4,0,S
115,4,2,4,0,S
115,4,3,4,0,S
115,4,4,4,0,S
115,4,5,4,0,S
116,1,1,1,0,ES
116,1,2,1,0,EEEESS
116,1,3,1,0,SES
116,1,4,1,0,S
116,1,5,1,0,ES
116,2,1,2,0,S
116,2,2,2,0,ESEEESSS
116,2,3,2,0,S
116,2,4,2,0,S
116,2,5,2,0,SSS
116,3,1,3,0,SS
116,3,2,3,0,EEEEEESS
116,3,3,3,0,S
116,3,4,3,0,ESS
116,3,5,3,0,S
116,4,2,4,0,S
116,4,3,4,0,ESS
116,4,4,4,0,SSES
116,4,5,4,0,SS
117,3,1,3,0,SSS
117,3,2,3,0,S
117,3,3,3,0,S
117,3,4,3,0,ES
117,3,5,3,0,ES
117,4,2,4,0,S
117,4,3,4,0,SS
117,4,4,4,0,S
117,4,5,4,0,SS
118,2,1,2,0,SSSS
118,2,2,2,0,EES
118,2,3,2,0,S
118,2,4,2,0,ESESS
118,2,5,2,0,S
118,3,1,3,0,S
118,3,2,3,0,S
118,3,3,3,0,ES
118,3,4,3,0,SS
118,3,5,3,0,S
118,4,1,4,0,SSS
118,4,2,4,0,ES
118,4,3,4,0,S
118,4,4,4,0,EEES
118,4,5,4,0,S
119,2,1,2,0,S
119,2,2,2,0,EES
119,2,3,2,0,ESSSS
119,2,5,2,0,S
120,2,1,2,0,SSESEES
120,2,2,2,0,SES
120,2,4,2,0,S
120,2,5,2,0,S
121,2,2,2,0,SSEEES
121,2,3,2,0,SSSS
121,2,4,2,0,SEEE
121,2,5,2,0,E
121,3,1,3,0,EES
121,3,3,3,0,EEEEESSEEEEESEES
121,3,4,3,0,EESSES
121,3,5,3,0,EEEEEEEE
122,1,1,1,0,ES
122,1,2,1,0,S
122,1,3,1,0,EEEEEEEEEEESSSEEESEEE
122,1,5,1,0,ESESEEEE
122,2,1,2,0,SEEEEESESSEEESE
122,2,2,2,0,E
122,2,3,2,0,EES
122,2,4,2,0,EEEEESS
122,2,5,2,0,SSS
122,3,1,3,0,EEESS
122,3,2,3,0,S
122,3,3,3,0,EEEEEESES
122,3,4,3,0,SS
122,3,5,3,0,EEEESEEESS
122,4,3,4,0,EES
122,4,4,4,0,EEEEESE
123,3,1,3,0,EEEEEEEE
123,3,2,3,0,S
123,3,3,3,0,SSSEE
123,3,4,3,0,EE
123,3,5,3,0,E
123,4,1,4,0,EEEEESEESEE
123,4,2,4,0,EEE
123,4,3,4,0,EEEE
123,4,4,4,0,EES
123,4,5,4,0,SEEEEEESEE
124,3,1,3,0,ES
124,3,2,3,0,E
124,3,3,3,0,ES
124,3,4,3,0,SS
124,3,5,3,0,ES
124,4,1,4,0,SS
124,4,2,4,0,ES
124,4,3,4,0,SS
124,4,5,4,0,ESSS
125,3,1,3,0,SE
125,3,2,3,0,ES
125,3,3,3,0,EES
125,3,5,3,0,ES
126,1,1,1,0,EEES
126,1,2,1,0,SES
126,1,3,1,0,SSESS
126,1,4,1,0,ESS
126,4,1,4,0,ESES
126,4,2,4,0,S
126,4,3,4,0,ESSS
126,4,4,4,0,SSSS
126,4,5,4,0,E
127,1,1,1,0,EE
127,1,2,1,0,ESS
127,1,3,1,0,ESS
127,1,4,1,0,ES
127,1,5,1,0,S
127,2,1,2,0,ESS
127,2,2,2,0,EES
127,2,3,2,0,S
127,2,4,2,0,EEESSESSSS
127,2,5,2,0,ES
127,3,1,3,0,S
127,3,2,3,0,SES
127,3,3,3,0,S
127,3,4,3,0,EE
127,3,5,3,0,SSESS
127,4,1,4,0,S
127,4,2,4,0,ESESS
127,4,3,4,0,ESESES
127,4,4,4,0,S
127,4,5,4,0,S
128,1,1,1,0,ESESS
128,1,2,1,0,ES
128,1,3,1,0,SS
128,1,4,1,0,EESSS
128,1,5,1,0,S
128,2,1,2,0,SS
128,2,2,2,0,EESSSEEEEEESSS
128,2,3,2,0,ESS
128,2,4,2,0,ESSSEEESS
128,2,5,2,0,SSEEEEES
128,4,1,4,0,SSS
128,4,2,4,0,ESS
128,4,3,4,0,ESSS
128,4,4,4,0,SSSSEEEESSEES
129,1,1,1,0,ES
129,1,2,1,0,SESESS
129,1,3,1,0,EESSEEEEESEEEEEEEEEEESEESSSSSE
129,1,4,1,0,ES
129,1,5,1,0,EEEE
129,3,1,3,0,EEEESS
129,3,2,3,0,S
129,3,3,3,0,E
129,3,5,3,0,EESSSS
129,4,1,4,0,ESEESSESEES
129,4,2,4,0,S
129,4,3,4,0,S
129,4,4,4,0,ESS
129,4,5,4,0,ESSEEEEEEEESSEEESS
130,1,1,1,0,S
130,1,3,1,0,EEES
130,1,4,1,0,SEESSSES
130,1,5,1,0,EEES
130,2,1,2,0,ES
130,2,2,2,0,EES
130,2,3,2,0,EES
130,2,4,2,0,S
130,2,5,2,0,EES
130,4,2,4,0,EES
130,4,3,4,0,E
130,4,4,4,0,E
130,4,5,4,0,SSES
131,1,1,1,0,EEESEE
131,1,2,1,0,SSEEEEEEESSEEEEEEEEESEEEEE
131,1,3,1,0,S
131,1,4,1,0,S
131,1,5,1,0,E
131,2,1,2,0,SES
131,2,2,2,0,EESSEEEEES
131,2,3,2,0,EEEEESSEE
131,2,4,2,0,SEEEEEEEEEEEES
131,2,5,2,0,ESEEEEEEEEEE
131,3,2,3,0,EEEEEESSES
131,3,3,3,0,S
131,3,4,3,0,ESSEEEESSSS
131,3,5,3,0,EEEEEESSSEEEEEES
131,4,1,4,0,SSE
131,4,2,4,0,EEEEESSS
131,4,3,4,0,EEEESEEEEESSSSEEEEEEEEEEEEE
131,4,4,4,0,EEEEEEEE
131,4,5,4,0,EEEEEEESSSEEEEEEEEEEEESSEEEEEE
132,2,1,2,0,S
132,2,2,2,0,ES
132,2,3,2,0,SSE
132,2,4,2,0,SSSSEEES
132,2,5,2,0,ESSS
132,4,1,4,0,EEEEESES
132,4,2,4,0,SEEE
132,4,3,4,0,EESS
132,4,5,4,0,ESS
133,1,1,1,0,S
133,1,3,1,0,SS
133,1,4,1,0,SS
133,2,3,2,0,ESSES
133,2,4,2,0,SE
133,2,5,2,0,S
133,3,1,3,0,E
133,3,2,3,0,ES
133,3,3,3,0,E
133,3,4,3,0,S
133,3,5,3,0,S
134,1,1,1,0,S
134,1,2,1,0,ES
134,1,3,1,0,ESSSSS
134,1,4,1,0,EEEEEE
134,1,5,1,0,S
134,2,1,2,0,EEEE
134,2,2,2,0,EESSSSSEEESS
134,2,3,2,0,EEEE
134,2,4,2,0,EEEEEEE
134,2,5,2,0,EEEEEEEEEEEEE
134,3,1,3,0,EEE
134,3,2,3,0,ESSESES
134,3,3,3,0,SEEESESS
134,3,4,3,0,SEEEEEEE
134,3,5,3,0,EESSESS
134,4,1,4,0,EEEEE
134,4,2,4,0,EEESEEEEEEEEEEESSEE
134,4,3,4,0,SEE
134,4,4,4,0,EEE
134,4,5,4,0,EEESSEEESSEEEEEEESSSS
135,1,1,1,0,S
135,1,2,1,0,EES
135,1,3,1,0,S
135,1,4,1,0,EEEE
135,1,5,1,0,EESS
135,2,2,2,0,E
135,2,3,2,0,SS
135,2,4,2,0,S
135,2,5,2,0,SE
135,3,1,3,0,EE
135,3,2,3,0,SSSEESESEES
135,3,3,3,0,SSS
135,3,4,3,0,ES
135,3,5,3,0,ESEESE
135,4,1,4,0,EEES
135,4,3,4,0,EEE
135,4,4,4,0,S
135,4,5,4,0,SSSSS
136,2,2,2,0,S
136,2,3,2,0,EEE
136,2,4,2,0,E
136,2,5,2,0,ES
136,4,1,4,0,ESS
136,4,2,4,0,E
136,4,3,4,0,EEESE
136,4,4,4,0,E
136,4,5,4,0,EEEE
137,1,1,1,0,EE
137,1,2,1,0,ES
137,1,3,1,0,EEESSES
137,1,4,1,0,ESSS
137,1,5,1,0,SS
137,2,2,2,0,SS
137,2,3,2,0,SS
137,2,4,2,0,EESEEEES
137,2,5,2,0,SES
137,3,1,3,0,SESS
137,3,2,3,0,ESEES
137,3,3,3,0,SS
137,3,4,3,0,S
137,3,5,3,0,ES
137,4,1,4,0,EES
137,4,2,4,0,EES
137,4,3,4,0,SSSS
137,4,4,4,0,EEESESSESEE
137,4,5,4,0,SES
138,1,1,1,0,EESSSESSSSS
138,1,2,1,0,SS
138,1,4,1,0,EE
138,1,5,1,0,EESS
138,2,1,2,0,EEESEEESSEES
138,2,2,2,0,EEEEESEES
138,2,3,2,0,S
138,2,4,2,0,ESES
138,2,5,2,0,EEEEEESEEES
138,3,1,3,0,EEEEEEEESESEEEEEESS
138,3,2,3,0,EESSES
138,3,3,3,0,SEEEES
138,3,4,3,0,ES
138,3,5,3,0,EE
138,4,1,4,0,EES
138,4,2,4,0,ES
138,4,3,4,0,S
138,4,4,4,0,EEEEEEEEESEEESS
138,4,5,4,0,EEEESS
139,4,1,4,0,EEE
139,4,3,4,0,SSEESS
139,4,4,4,0,EES
139,4,5,4,0,SSS
140,3,1,3,0,ES
140,3,3,3,0,S
140,4,1,4,0,S
140,4,2,4,0,S
140,4,3,4,0,S
140,4,4,4,0,SS
140,4,5,4,0,S
141,1,1,1,0,S
141,1,2,1,0,S
141,1,3,1,0,SS
141,1,4,1,0,SS
141,1,5,1,0,S
142,3,1,3,0,SS
142,3,2,3,0,E
142,3,3,3,0,E
142,3,4,3,0,SSSEEESSE
142,3,5,3,0,E
143,1,1,1,0,ES
143,1,2,1,0,SSSS
143,1,3,1,0,S
143,1,5,1,0,S
143,2,1,2,0,S
143,2,2,2,0,ES
143,2,3,2,0,SS
143,2,4,2,0,SSS
143,2,5,2,0,SEES
143,3,1,3,0,S
143,3,2,3,0,ES
143,3,3,3,0,S
143,3,4,3,0,S
143,3,5,3,0,SSSS
143,4,1,4,0,S
143,4,2,4,0,ESSS
143,4,3,4,0,SSSS
143,4,4,4,0,SSSEES
143,4,5,4,0,S
145,1,1,1,0,EES
145,1,2,1,0,ES
145,1,3,1,0,S
145,1,4,1,0,S
145,1,5,1,0,S
145,2,1,2,0,S
145,2,2,2,0,SS
145,2,3,2,0,S
145,2,4,2,0,S
145,2,5,2,0,SS
145,4,1,4,0,SS
145,4,2,4,0,S
145,4,3,4,0,ESS
145,4,4,4,0,S
146,1,1,1,0,ESEES
146,1,2,1,0,SS
146,1,3,1,0,SEESS
146,1,4,1,0,ESS
146,1,5,1,0,SSEESS
146,2,1,2,0,EEEEESES
146,2,2,2,0,S
146,2,3,2,0,S
146,2,4,2,0,ESS
146,2,5,2,0,SS
146,3,1,3,0,S
146,3,2,3,0,S
146,3,3,3,0,ES
146,3,4,3,0,ESSE
146,3,5,3,0,ESEESESS
146,4,1,4,0,EEEEES
146,4,2,4,0,S
146,4,3,4,0,S
146,4,4,4,0,EES
146,4,5,4,0,ESSS
148,1,1,1,0,EES
148,1,2,1,0,SS
148,1,3,1,0,SSSS
148,1,4,1,0,SS
148,1,5,1,0,EEES
148,2,1,2,0,EEES
148,2,2,2,0,SSE
148,2,3,2,0,ES
148,2,4,2,0,S
148,2,5,2,0,ES
148,3,1,3,0,EES
148,3,2,3,0,ES
148,3,3,3,0,S
148,3,4,3,0,S
148,3,5,3,0,EEEEES
148,4,1,4,0,ES
148,4,2,4,0,EE
148,4,3,4,0,S
148,4,4,4,0,S
148,4,5,4,0,ESSE
149,1,1,1,0,SSSSSS
149,1,2,1,0,ES
149,1,3,1,0,SEEE
149,1,5,1,0,SS
149,2,2,2,0,EESS
149,2,3,2,0,ESS
149,2,4,2,0,S
150,1,1,1,0,ESEEEEEESSS
150,1,2,1,0,EEEEE
150,1,3,1,0,S
150,1,4,1,0,EEEEEEEEEE
150,1,5,1,0,EEEES
150,2,1,2,0,ES
150,2,2,2,0,EEEEES
150,2,3,2,0,SSESSEESS
150,2,4,2,0,ES
150,2,5,2,0,EEEEE
150,3,1,3,0,EES
150,3,2,3,0,S
150,3,3,3,0,EEEESSEEEEEEEEESESE
150,3,4,3,0,SEES
150,4,1,4,0,SS
150,4,2,4,0,EEEESEEEEEESEE
150,4,3,4,0,EES
150,4,4,4,0,SEEEEEEESEEEESSES
150,4,5,4,0,EES
151,1,1,1,0,S
151,1,2,1,0,S
151,1,3,1,0,S
151,1,4,1,0,EESSESS
151,3,1,3,0,E
151,3,2,3,0,ESSS
151,3,3,3,0,S
151,3,4,3,0,EESSEESSS
151,3,5,3,0,ES
152,1,1,1,0,S
152,1,2,1,0,S
152,1,3,1,0,S
152,1,4,1,0,ES
152,1,5,1,0,S
152,2,2,2,0,EES
152,2,3,2,0,S
152,2,4,2,0,ESSS
152,2,5,2,0,ES
153,1,1,1,0,S
153,1,2,1,0,S
153,1,3,1,0,S
153,1,4,1,0,ESS
153,1,5,1,0,S
153,2,2,2,0,SSS
153,2,3,2,0,S
153,2,4,2,0,S
153,2,5,2,0,S
153,3,1,3,0,SSS
153,3,2,3,0,S
153,3,3,3,0,S
153,3,4,3,0,ES
153,3,5,3,0,ES
153,4,1,4,0,S
153,4,2,4,0,ES
153,4,3,4,0,S
153,4,4,4,0,ES
153,4,5,4,0,S
154,2,1,2,0,S
154,2,2,2,0,SS
154,2,3,2,0,ES
154,2,4,2,0,SS
154,2,5,2,0,S
154,3,1,3,0,ES
154,3,2,3,0,ES
154,3,3,3,0,S
154,3,4,3,0,E
154,3,5,3,0,S
154,4,1,4,0,SS
154,4,2,4,0,SSES
154,4,3,4,0,SS
154,4,4,4,0,S
154,4,5,4,0,S
155,1,1,1,0,E
155,1,2,1,0,SS
155,1,3,1,0,EE
155,1,4,1,0,EE
155,1,5,1,0,E
156,1,1,1,0,S
156,1,2,1,0,SS
156,1,3,1,0,SS
156,1,4,1,0,EEEESSSSEEES
156,1,5,1,0,S
156,2,1,2,0,EE
156,2,2,2,0,S
156,2,3,2,0,EEEEES
156,2,4,2,0,ES
156,2,5,2,0,EE
156,3,1,3,0,ES
156,3,3,3,0,ESSSSSESS
156,3,4,3,0,EES
156,3,5,3,0,S
156,4,1,4,0,EEEES
156,4,2,4,0,ESS
156,4,3,4,0,S
156,4,4,4,0,S
156,4,5,4,0,EEESEEESSSESS
157,4,1,4,0,S
157,4,2,4,0,S
157,4,3,4,0,S
157,4,4,4,0,S
157,4,5,4,0,SE
158,1,1,1,0,EES
158,1,2,1,0,EEEESS
158,1,3,1,0,EES
158,1,4,1,0,SESSS
158,1,5,1,0,ESS
158,2,1,2,0,S
158,2,2,2,0,E
158,2,3,2,0,S
158,2,4,2,0,S
158,2,5,2,0,ES
158,3,1,3,0,ES
158,3,2,3,0,S
158,3,4,3,0,S
158,3,5,3,0,EEESS
158,4,1,4,0,EES
158,4,2,4,0,ES
158,4,3,4,0,S
158,4,4,4,0,S
158,4,5,4,0,SSS
159,1,1,1,0,E
159,1,2,1,0,E
159,1,3,1,0,SS
159,1,4,1,0,S
159,1,5,1,0,EE
160,4,1,4,0,S
160,4,2,4,0,SSS
160,4,3,4,0,EES
160,4,4,4,0,E
160,4,5,4,0,SSE
161,3,1,3,0,ES
161,3,2,3,0,SS
161,3,3,3,0,SS
161,3,4,3,0,S
161,3,5,3,0,EEES
163,1,1,1,0,EEESSEES
163,1,2,1,0,S
163,1,3,1,0,E
163,1,4,1,0,S
163,1,5,1,0,S
163,2,1,2,0,EEESS
163,2,2,2,0,S
163,2,3,2,0,SES
163,2,4,2,0,EE
163,2,5,2,0,SEE
163,4,1,4,0,ESSSEE
163,4,2,4,0,SES
163,4,3,4,0,EESESS
163,4,4,4,0,ES
163,4,5,4,0,E
168,1,1,1,0,S
168,1,2,1,0,S
168,1,3,1,0,ESESSEE
168,1,4,1,0,SS
168,1,5,1,0,ESS
168,2,1,2,0,E
168,2,2,2,0,SS
168,2,3,2,0,SEEE
168,2,4,2,0,SS
168,2,5,2,0,ES
168,3,1,3,0,EE
168,3,2,3,0,SE
168,3,3,3,0,EEEEEEEEEEESS
168,3,4,3,0,ESS
168,3,5,3,0,ESESS
168,4,1,4,0,EE
168,4,2,4,0,SES
168,4,3,4,0,EES
168,4,4,4,0,ES
168,4,5,4,0,SESSSSESEEE
169,4,1,4,0,ES
169,4,2,4,0,EEEEE
169,4,3,4,0,ES
169,4,4,4,0,S
169,4,5,4,0,EE
170,2,1,2,0,S
170,2,2,2,0,S
170,2,3,2,0,EES
170,2,4,2,0,SSE
170,2,5,2,0,SEEES
171,1,1,1,0,ESSS
171,1,2,1,0,SS
171,1,3,1,0,S
171,1,4,1,0,S
171,2,1,2,0,S
171,2,2,2,0,EESS
171,2,3,2,0,ES
171,2,5,2,0,SEEEEESS
171,3,1,3,0,ESSSS
171,3,2,3,0,EEEES
171,3,3,3,0,ES
171,3,4,3,0,S
171,3,5,3,0,ESSE
171,4,1,4,0,S
171,4,2,4,0,S
171,4,3,4,0,ESSSS
171,4,4,4,0,EEEEEEEESEEESSS
171,4,5,4,0,S
172,3,1,3,0,SE
172,3,2,3,0,E
172,3,3,3,0,SEEE
172,3,4,3,0,S
172,3,5,3,0,E
172,4,1,4,0,E
172,4,2,4,0,EEE
172,4,3,4,0,EEE
172,4,4,4,0,E
172,4,5,4,0,SSEESES
173,1,1,1,0,EEEEESEEEEEEEEEEE
173,1,2,1,0,EEE
173,1,3,1,0,EEESEEESEEEEEEEEEEEEEEEEEEEEEE
173,1,4,1,0,EEEEEEEEEEEEESEEEEESSEEEEE
173,1,5,1,0,EESEEEEESSS
173,2,1,2,0,EEEEEEEEEEEE
173,2,2,2,0,EEEEEEEEEEEEEEESE
173,2,3,2,0,SE
173,2,4,2,0,EEEESSEEEEEEEEEEEEEEES
173,2,5,2,0,EEEEEE
173,3,1,3,0,ES
173,3,2,3,0,EE
173,3,3,3,0,E
173,3,4,3,0,EEEEEEEEESEEEESEEEEEEESE
173,3,5,3,0,EEEEEEEE
173,4,1,4,0,E
173,4,2,4,0,ESEEEESEESSE
173,4,3,4,0,E
173,4,4,4,0,EEEEE
173,4,5,4,0,EEEESEEEESSEEE
174,1,1,1,0,ES
174,1,2,1,0,S
174,1,3,1,0,ES
174,1,4,1,0,SSS
174,1,5,1,0,SS
174,2,1,2,0,ES
174,2,2,2,0,E
174,2,3,2,0,S
174,2,4,2,0,E
174,2,5,2,0,SS
174,4,1,4,0,EEE
174,4,2,4,0,SS
174,4,3,4,0,ES
174,4,4,4,0,ES
174,4,5,4,0,SS
175,2,1,2,0,S
175,2,2,2,0,SEE
175,2,4,2,0,SSS
175,2,5,2,0,S
175,4,1,4,0,SE
175,4,3,4,0,SESS
175,4,4,4,0,E
176,1,1,1,0,ESS
176,1,2,1,0,E
176,1,3,1,0,E
176,1,4,1,0,EES
176,1,5,1,0,E
178,1,1,1,0,ESEEEEES
178,1,2,1,0,E
178,1,3,1,0,E
178,1,4,1,0,E
178,1,5,1,0,EESE
178,4,1,4,0,E
178,4,2,4,0,E
178,4,3,4,0,E
178,4,4,4,0,ES
178,4,5,4,0,EESEEEE
179,4,1,4,0,SS
179,4,2,4,0,S
179,4,3,4,0,S
179,4,4,4,0,E
179,4,5,4,0,S
180,1,1,1,0,S
180,1,2,1,0,S
180,1,3,1,0,S
180,1,4,1,0,S
180,1,5,1,0,S
180,2,2,2,0,ESS
180,2,3,2,0,ES
180,2,4,2,0,S
180,2,5,2,0,S
180,3,1,3,0,S
180,3,2,3,0,ES
180,3,3,3,0,S
180,3,5,3,0,S
180,4,1,4,0,S
180,4,2,4,0,S
180,4,3,4,0,S
180,4,4,4,0,S
180,4,5,4,0,S
181,1,1,1,0,EEEEESSS
181,1,2,1,0,ESS
181,1,3,1,0,SS
181,1,4,1,0,ESESSS
181,1,5,1,0,S
181,2,1,2,0,ESESSS
181,2,2,2,0,ESS
181,2,4,2,0,S
181,2,5,2,0,S
181,3,1,3,0,SS
181,3,3,3,0,EESE
181,3,4,3,0,SS
181,3,5,3,0,SS
181,4,1,4,0,SS
181,4,2,4,0,EESS
181,4,3,4,0,SSSSSSSES
181,4,4,4,0,SS
181,4,5,4,0,SS
182,1,1,1,0,ESE
182,1,2,1,0,EEEEEESEESEEEEES
182,1,3,1,0,ES
182,1,4,1,0,ES
182,1,5,1,0,EES
182,2,1,2,0,SS
182,2,2,2,0,S
182,2,3,2,0,SEEES
182,2,4,2,0,SES
182,2,5,2,0,EEEESS
182,3,1,3,0,EES
182,3,2,3,0,EEEES
182,3,3,3,0,S
182,3,5,3,0,SSSSEEEEEEEEEESES
182,4,1,4,0,ES
182,4,2,4,0,SSSEEEEEES
182,4,3,4,0,EEESSEESS
182,4,4,4,0,ES
182,4,5,4,0,EEEEEEEEEEEESSSSEESS
183,1,2,1,0,SSSSS
183,1,3,1,0,S
183,1,4,1,0,SS
183,1,5,1,0,EEEEEESSES
183,2,1,2,0,EE
183,2,2,2,0,SSSSE
183,2,3,2,0,EESEES
183,2,4,2,0,ESSSS
183,4,1,4,0,S
183,4,3,4,0,SSSSEEEES
183,4,4,4,0,E
184,2,1,2,0,S
184,2,2,2,0,E
184,2,3,2,0,S
184,2,4,2,0,S
184,2,5,2,0,S
184,3,1,3,0,S
184,3,2,3,0,S
184,3,3,3,0,SS
184,3,4,3,0,S
184,3,5,3,0,S
184,4,1,4,0,S
184,4,2,4,0,S
184,4,3,4,0,S
184,4,4,4,0,S
184,4,5,4,0,S
185,1,1,1,0,S
185,1,2,1,0,S
185,1,3,1,0,SS
185,1,4,1,0,S
185,1,5,1,0,SS
185,2,1,2,0,ES
185,2,2,2,0,E
185,2,3,2,0,S
185,2,4,2,0,S
185,2,5,2,0,ESS
186,1,1,1,0,SS
186,1,2,1,0,S
186,1,3,1,0,S
186,1,4,1,0,SES
186,1,5,1,0,S
186,2,1,2,0,S
186,2,2,2,0,S
186,2,3,2,0,S
186,2,4,2,0,ESS
186,2,5,2,0,S
186,3,1,3,0,EEEES
186,3,2,3,0,SS
186,3,3,3,0,SEEEEEESEES
186,3,4,3,0,EEESES
186,3,5,3,0,SSS
186,4,1,4,0,SSSEES
186,4,2,4,0,EEEEESSSEEE
186,4,3,4,0,SSS
186,4,4,4,0,SS
186,4,5,4,0,ES
187,1,2,1,0,S
187,1,3,1,0,S
187,1,4,1,0,S
187,1,5,1,0,ESS
187,2,1,2,0,SES
187,2,2,2,0,S
187,2,3,2,0,S
187,2,4,2,0,S
187,2,5,2,0,ES
187,3,1,3,0,SS
187,3,2,3,0,S
187,3,3,3,0,S
187,3,4,3,0,EES
187,3,5,3,0,SS
187,4,1,4,0,S
187,4,3,4,0,S
187,4,4,4,0,S
187,4,5,4,0,SSS
188,1,1,1,0,EE
188,1,2,1,0,EEES
188,1,3,1,0,S
188,1,4,1,0,SSSEE
188,1,5,1,0,EEEESSEEEES
188,2,1,2,0,SSEEES
188,2,2,2,0,SE
188,2,3,2,0,EES
188,2,4,2,0,S
188,2,5,2,0,S
188,3,1,3,0,EEES
188,3,2,3,0,EEEESSS
188,3,3,3,0,SSSSSESEESESS
188,3,4,3,0,EEE
188,3,5,3,0,S
188,4,2,4,0,EESS
188,4,3,4,0,EESS
188,4,4,4,0,S
188,4,5,4,0,S
189,1,1,1,0,ESS
189,1,2,1,0,S
189,1,3,1,0,ESSESS
189,1,4,1,0,SS
189,1,5,1,0,S
189,3,1,3,0,SSS
189,3,2,3,0,ESSEESSS
189,3,3,3,0,ES
189,3,4,3,0,S
189,3,5,3,0,SS
189,4,1,4,0,SS
189,4,2,4,0,SSS
189,4,3,4,0,EEES
189,4,4,4,0,S
189,4,5,4,0,EEEES
190,2,1,2,0,SEES
190,2,2,2,0,S
190,2,3,2,0,ESSS
190,2,4,2,0,SSS
190,2,5,2,0,EE
190,4,1,4,0,E
190,4,2,4,0,EE
190,4,3,4,0,EEE
190,4,4,4,0,ESSEE
190,4,5,4,0,S
191,1,1,1,0,SS
191,1,4,1,0,S
191,1,5,1,0,EEE
191,2,1,2,0,SSEEEEEESEEEEEEEEEEEEEEEEESEEE
191,2,2,2,0,SEEESEES
191,2,3,2,0,EEEES
191,2,4,2,0,EEEEEE
191,2,5,2,0,S
191,3,1,3,0,SSEEEEEEEEEEEEEEEEESSEEEEEEES
191,3,2,3,0,EEEEEEEE
191,3,3,3,0,SSSEEE
191,3,4,3,0,EESSS
191,3,5,3,0,EEEESSSEEEEESESEEEEEEEEESEEEEE
191,4,1,4,0,E
191,4,2,4,0,EEEEEEE
191,4,3,4,0,EESEEESEEEEEEEEEESESEESEE
191,4,4,4,0,EEEEEEEEEESSS
191,4,5,4,0,EEE
192,1,1,1,0,EE
192,1,2,1,0,S
192,1,3,1,0,EES
192,1,5,1,0,SESSS
192,2,1,2,0,S
192,2,2,2,0,S
192,2,3,2,0,ES
192,2,4,2,0,ES
192,2,5,2,0,SSS
192,3,1,3,0,SSSES
192,3,3,3,0,EE
192,3,4,3,0,E
192,3,5,3,0,EES
192,4,1,4,0,SS
192,4,2,4,0,SEEE
192,4,3,4,0,SSSS
192,4,4,4,0,EESESS
192,4,5,4,0,S
193,1,1,1,0,EE
193,1,3,1,0,E
193,1,4,1,0,EESS
193,1,5,1,0,EEES
193,2,1,2,0,EEESEEE
193,2,2,2,0,S
193,2,3,2,0,EE
193,2,4,2,0,EESSSSSS
193,2,5,2,0,E
194,1,1,1,0,E
194,1,2,1,0,SESEES
194,1,3,1,0,S
194,1,4,1,0,S
194,1,5,1,0,S
194,2,2,2,0,EESSS
194,2,3,2,0,ES
194,2,4,2,0,S
194,2,5,2,0,SS
194,3,1,3,0,S
194,3,2,3,0,SS
194,3,3,3,0,ESSE
194,3,4,3,0,SS
194,3,5,3,0,EES
194,4,1,4,0,S
194,4,2,4,0,SS
194,4,3,4,0,ES
194,4,4,4,0,S
194,4,5,4,0,S
195,1,1,1,0,SS
195,1,2,1,0,SSEEE
195,1,3,1,0,EEEESES
195,1,4,1,0,EESS
195,1,5,1,0,SS
195,2,1,2,0,EES
195,2,3,2,0,ES
195,2,4,2,0,SS
195,3,1,3,0,ES
195,3,2,3,0,S
195,3,3,3,0,S
195,3,4,3,0,EESSS
195,3,5,3,0,EES
195,4,1,4,0,EEESSESSSSE
195,4,3,4,0,EEEES
195,4,4,4,0,EEEES
195,4,5,4,0,S
196,1,1,1,0,S
196,1,2,1,0,ESS
196,1,3,1,0,SSSS
196,1,4,1,0,SSS
196,1,5,1,0,S
196,2,1,2,0,SS
196,2,2,2,0,EESS
196,2,3,2,0,ES
196,2,4,2,0,EEES
196,2,5,2,0,S
196,3,1,3,0,S
196,3,3,3,0,SESS
196,3,5,3,0,S
196,4,2,4,0,EEES
196,4,3,4,0,EEE
196,4,4,4,0,ES
197,1,1,1,0,S
197,1,2,1,0,S
197,1,3,1,0,SSSSSS
197,1,4,1,0,SEE
197,1,5,1,0,EES
197,2,1,2,0,EEEES
197,2,2,2,0,S
197,2,3,2,0,E
197,2,4,2,0,EE
197,2,5,2,0,ESS
197,3,1,3,0,EEES
197,3,2,3,0,ESSE
197,3,3,3,0,EESESSS
197,3,4,3,0,EEE
197,3,5,3,0,EESE
198,1,1,1,0,EEES
198,1,2,1,0,S
198,1,3,1,0,EES
198,1,5,1,0,S
198,2,2,2,0,ES
198,2,3,2,0,S
198,2,5,2,0,ES
198,3,1,3,0,EES
198,3,2,3,0,S
198,3,3,3,0,ESS
198,3,4,3,0,SSES
198,3,5,3,0,EEESSSS
198,4,1,4,0,S
198,4,2,4,0,SESS
198,4,3,4,0,SS
198,4,4,4,0,ES
198,4,5,4,0,S
199,1,1,1,0,ES
199,1,2,1,0,S
199,1,3,1,0,SS
199,1,4,1,0,SS
199,1,5,1,0,S
199,3,1,3,0,S
199,3,2,3,0,S
199,3,3,3,0,S
199,3,4,3,0,ES
199,3,5,3,0,S
199,4,1,4,0,SS
199,4,2,4,0,S
199,4,3,4,0,SS
199,4,4,4,0,SS
199,4,5,4,0,ES
200,1,1,1,0,SEES
200,1,2,1,0,SSS
200,1,3,1,0,S
200,1,4,1,0,EESS
200,1,5,1,0,ES
200,3,1,3,0,EES
200,3,2,3,0,SSSS
200,3,3,3,0,SS
200,3,4,3,0,EEE
200,3,5,3,0,SS
200,4,1,4,0,SS
200,4,3,4,0,S
200,4,4,4,0,EEESSSS
200,4,5,4,0,ESS
201,1,1,1,0,EEE
201,1,2,1,0,ESESSSS
201,1,3,1,0,E
201,1,4,1,0,EEESSS
202,1,1,1,0,ES
202,1,3,1,0,EEE
202,1,4,1,0,SSEESSSSEES
203,2,1,2,0,ESSS
203,2,2,2,0,S
203,2,3,2,0,ESSEEESEEE
203,2,4,2,0,S
203,2,5,2,0,SSS
203,4,1,4,0,EES
203,4,2,4,0,SS
203,4,3,4,0,S
203,4,4,4,0,SSS
203,4,5,4,0,ESSESEESS
204,1,1,1,0,EEEE
204,1,2,1,0,SEEEEEEESSSSS
204,1,3,1,0,SSSESESEEE
204,1,4,1,0,EESSEEEEEES
204,1,5,1,0,EEEEESEESES
204,2,1,2,0,EEEES
204,2,2,2,0,ES
204,2,3,2,0,EEES
204,2,4,2,0,ESSSEEEEEES
204,3,1,3,0,ESS
204,3,3,3,0,EEEES
204,3,4,3,0,ESSEEEES
204,3,5,3,0,SSEESSEEEEESS
204,4,3,4,0,ES
204,4,4,4,0,EE
204,4,5,4,0,S
205,2,1,2,0,SS
205,2,2,2,0,ESSS
205,2,3,2,0,S
205,2,4,2,0,S
205,2,5,2,0,S
205,3,1,3,0,S
205,3,2,3,0,SEES
205,3,3,3,0,S
205,3,4,3,0,SSS
205,3,5,3,0,S
205,4,1,4,0,S
205,4,2,4,0,ESSS
205,4,3,4,0,ESS
206,1,1,1,0,SEEEES
206,1,2,1,0,S
206,1,4,1,0,SSEES
206,1,5,1,0,S
206,2,2,2,0,S
206,2,3,2,0,SSEEES
206,2,4,2,0,SSS
206,4,1,4,0,EES
206,4,2,4,0,ES
206,4,3,4,0,SS
206,4,4,4,0,ESSS
206,4,5,4,0,S
207,2,1,2,0,EESSS
207,2,2,2,0,S
207,2,3,2,0,S
207,2,4,2,0,EESSS
207,2,5,2,0,E
207,4,1,4,0,SSEES
207,4,2,4,0,SEEE
207,4,3,4,0,SSS
207,4,4,4,0,ESEESE
207,4,5,4,0,EEESSE
208,1,1,1,0,ESS
208,1,2,1,0,ESE
208,1,4,1,0,S
208,2,1,2,0,SS
208,2,3,2,0,EESSS
208,2,4,2,0,ESSS
208,2,5,2,0,EES
208,3,1,3,0,SSSEEEEES
208,3,2,3,0,S
208,3,3,3,0,EEEEEEEEEEES
208,3,5,3,0,ES
208,4,1,4,0,S
208,4,2,4,0,S
208,4,3,4,0,S
208,4,4,4,0,SEEEEES
208,4,5,4,0,EEEES
209,1,1,1,0,S
209,1,2,1,0,S
209,1,3,1,0,SS
209,1,5,1,0,S
209,2,1,2,0,SSS
209,2,2,2,0,E
209,2,4,2,0,SSS
209,2,5,2,0,SS
209,3,1,3,0,S
209,3,2,3,0,EEE
209,3,3,3,0,S
209,3,4,3,0,SS
209,3,5,3,0,ES
209,4,1,4,0,S
209,4,2,4,0,ES
209,4,3,4,0,S
209,4,4,4,0,EES
209,4,5,4,0,S
211,1,1,1,0,ESSEE
211,1,2,1,0,S
211,1,3,1,0,E
211,1,4,1,0,SSS
211,1,5,1,0,EEEESEESEESSESE
211,2,1,2,0,EESSSESSSSSS
211,2,2,2,0,SESEEEEEEEEEEESSEE
211,2,3,2,0,EEESSSEEEEEEEEEEES
211,2,4,2,0,ESSS
211,2,5,2,0,ESEESES
211,3,1,3,0,E
211,3,2,3,0,SE
211,3,4,3,0,E
211,3,5,3,0,EEES
211,4,1,4,0,SS
211,4,2,4,0,EEESEEEEEE
211,4,3,4,0,EEEEEEEE
211,4,4,4,0,SS
211,4,5,4,0,SS
213,1,1,1,0,EE
213,1,2,1,0,SE
213,1,3,1,0,SSEES
213,1,4,1,0,SSS
213,1,5,1,0,SES
213,2,1,2,0,S
213,2,2,2,0,SESEEES
213,2,3,2,0,E
213,2,4,2,0,SSSEEEEEEE
213,2,5,2,0,EEE
213,3,1,3,0,EEEEEEE
213,3,2,3,0,S
213,3,4,3,0,S
213,3,5,3,0,EE
214,1,1,1,0,S
214,1,2,1,0,SEESES
214,1,3,1,0,S
214,1,4,1,0,S
214,1,5,1,0,S
214,2,1,2,0,SS
214,2,2,2,0,S
214,2,3,2,0,S
214,2,4,2,0,ES
214,2,5,2,0,SEEES
214,3,1,3,0,ES
214,3,2,3,0,SS
214,3,3,3,0,ESESS
214,3,4,3,0,S
214,3,5,3,0,S
214,4,1,4,0,S
214,4,2,4,0,S
214,4,3,4,0,S
214,4,4,4,0,S
214,4,5,4,0,SS
215,1,1,1,0,EESES
215,1,2,1,0,SSS
215,1,3,1,0,S
215,1,4,1,0,S
215,1,5,1,0,SEEEEEEEEEEES
215,2,1,2,0,E
215,2,2,2,0,EEEEEE
215,2,3,2,0,E
215,2,4,2,0,E
215,2,5,2,0,SEEEEES
216,1,1,1,0,S
216,1,2,1,0,S
216,1,3,1,0,SSS
216,1,4,1,0,S
216,1,5,1,0,SS
216,4,1,4,0,S
216,4,2,4,0,S
216,4,3,4,0,S
216,4,4,4,0,S
216,4,5,4,0,S
218,2,1,2,0,EES
218,2,2,2,0,SS
218,2,3,2,0,EESS
218,2,4,2,0,SSS
218,2,5,2,0,ES
218,3,1,3,0,S
218,3,2,3,0,S
218,3,3,3,0,S
218,3,4,3,0,EEESS
218,3,5,3,0,SS
218,4,1,4,0,EEEEEEES
218,4,2,4,0,S
218,4,3,4,0,ESSS
218,4,4,4,0,S
218,4,5,4,0,S
219,1,1,1,0,EEEE
219,1,2,1,0,EEES
219,1,3,1,0,EEEESSS
219,1,4,1,0,EEEEEESS
219,1,5,1,0,EEEES
219,2,1,2,0,E
219,2,2,2,0,SS
219,2,3,2,0,EEESEESESSSEEEEEEESEEEEEEEEEEE
219,2,4,2,0,EE
219,2,5,2,0,EEEEEEEEEESEEES
219,3,1,3,0,S
219,3,2,3,0,EEEEEEEEEEEESS
219,3,3,3,0,S
219,3,4,3,0,EES
219,3,5,3,0,EEESS
219,4,1,4,0,EEEEEEEEESSS
219,4,2,4,0,SEESSESEEESS
219,4,3,4,0,EESSEEEEEEESS
219,4,4,4,0,EEEEEEEESEEEEEEEEEEEEEEE
219,4,5,4,0,SEEEEEEEEEEEEEEEEEEEEEESSEEEEE
220,1,1,1,0,EESEEEEESSSS
220,1,3,1,0,S
220,1,4,1,0,S
220,1,5,1,0,ES
220,3,1,3,0,E
220,3,2,3,0,S
220,3,3,3,0,ESEESS
220,3,4,3,0,SSSSS
220,3,5,3,0,SE
220,4,2,4,0,EES
220,4,3,4,0,SS
220,4,4,4,0,E
220,4,5,4,0,SESS
223,1,1,1,0,SS
223,1,2,1,0,S
223,1,3,1,0,S
223,1,4,1,0,S
223,1,5,1,0,S
223,2,1,2,0,S
223,2,2,2,0,SES
223,2,3,2,0,S
223,2,4,2,0,SS
223,2,5,2,0,SS
223,3,1,3,0,S
223,3,2,3,0,S
223,3,3,3,0,S
223,3,4,3,0,S
223,4,1,4,0,S
223,4,2,4,0,S
223,4,3,4,0,S
223,4,4,4,0,S
223,4,5,4,0,S
225,2,1,2,0,SE
225,2,2,2,0,E
225,2,3,2,0,E
225,2,4,2,0,S
225,2,5,2,0,EEESSS
225,4,1,4,0,ES
225,4,2,4,0,EES
225,4,3,4,0,EEE
225,4,4,4,0,EEES
225,4,5,4,0,SES
226,1,3,1,0,E
226,1,4,1,0,EE
226,1,5,1,0,SSEE
226,3,1,3,0,EE
226,3,2,3,0,SSSS
226,3,3,3,0,SS
226,3,5,3,0,EE
226,4,1,4,0,SSS
226,4,2,4,0,SS
226,4,3,4,0,SE
226,4,4,4,0,ES
226,4,5,4,0,S
227,1,1,1,0,S
227,1,2,1,0,S
227,1,3,1,0,S
227,1,4,1,0,S
227,1,5,1,0,S
227,2,1,2,0,S
227,2,2,2,0,ESS
227,2,3,2,0,S
227,2,4,2,0,SS
227,4,1,4,0,ES
227,4,2,4,0,S
227,4,4,4,0,S
227,4,5,4,0,SSES
228,2,1,2,0,EESSEESSESSSSEES
228,2,2,2,0,E
228,2,3,2,0,EEEE
228,2,4,2,0,EESSSSSS
228,2,5,2,0,SS
229,2,1,2,0,S
229,2,2,2,0,EES
229,2,3,2,0,E
229,2,4,2,0,SS
229,2,5,2,0,SEEES
229,3,1,3,0,EEEESSESSS
229,3,2,3,0,SS
229,3,3,3,0,SS
229,3,4,3,0,E
229,3,5,3,0,S
229,4,1,4,0,S
229,4,2,4,0,S
229,4,3,4,0,S
229,4,4,4,0,EE
229,4,5,4,0,S
230,1,1,1,0,EE
230,1,2,1,0,E
230,1,3,1,0,EE
230,1,4,1,0,EEEE
230,1,5,1,0,EEEE
230,3,1,3,0,E
230,3,2,3,0,S
230,3,3,3,0,EEEEEEEEEESSEEESSEEESSSSSSEES
230,3,4,3,0,S
230,4,1,4,0,SEEEESEEEEEE
230,4,2,4,0,EE
230,4,3,4,0,E
230,4,4,4,0,EES
230,4,5,4,0,EEEEEEEEESSSEEESSEEEE
231,1,1,1,0,S
231,1,2,1,0,S
231,1,4,1,0,S
231,1,5,1,0,SS
231,2,1,2,0,S
231,2,2,2,0,E
231,2,3,2,0,SS
231,2,5,2,0,SS
231,3,1,3,0,SS
231,3,2,3,0,S
231,3,3,3,0,S
231,3,4,3,0,EES
231,3,5,3,0,E
231,4,2,4,0,S
231,4,3,4,0,S
231,4,4,4,0,S
231,4,5,4,0,S
232,2,1,2,0,EESSESESSSS
232,2,2,2,0,SSS
232,2,3,2,0,EEE
232,2,4,2,0,S
232,2,5,2,0,EESSS
232,3,1,3,0,ESS
232,3,2,3,0,EEE
232,3,3,3,0,S
232,3,4,3,0,EE
232,3,5,3,0,ES
233,1,1,1,0,SSEEEEEEE
233,1,2,1,0,EEEEEEESSS
233,1,3,1,0,E
233,1,4,1,0,EEEEEES
233,1,5,1,0,EEE
233,2,1,2,0,EEEEEEEEEE
233,2,2,2,0,E
233,2,3,2,0,EE
233,2,4,2,0,EESEEE
233,2,5,2,0,ESEEEEEEEEESEEEEEEEEEE
234,1,1,1,0,SS
234,1,3,1,0,SS
234,1,4,1,0,ES
234,1,5,1,0,SS
234,2,1,2,0,S
234,2,2,2,0,S
234,2,3,2,0,SS
234,2,4,2,0,S
234,2,5,2,0,S
234,3,1,3,0,ESE
234,3,2,3,0,S
234,3,3,3,0,S
234,3,4,3,0,S
234,4,1,4,0,S
234,4,2,4,0,EES
234,4,4,4,0,S
234,4,5,4,0,SS
235,1,1,1,0,S
235,1,2,1,0,EEEEEESESEEEEES
235,1,3,1,0,EEEESS
235,1,4,1,0,EEEEEEEEEES
235,1,5,1,0,EE
235,2,1,2,0,S
235,2,2,2,0,EEEEEESEEESSSSSSEEEEEEEEEESEEE
235,2,3,2,0,SSSEEEEEESS
235,2,4,2,0,EES
235,2,5,2,0,EEEESEEEEESS
235,3,1,3,0,ESSESSE
235,3,3,3,0,SS
235,3,5,3,0,S
235,4,1,4,0,ESEESEEEEES
235,4,2,4,0,SS
235,4,3,4,0,S
235,4,4,4,0,EESESSSSEEEEEEEEEEEES
235,4,5,4,0,EEES
236,1,1,1,0,ES
236,1,2,1,0,EES
236,1,3,1,0,SSEEEESSSEES
236,1,4,1,0,ES
236,1,5,1,0,EEEESEEESES
236,2,1,2,0,S
236,2,2,2,0,SSEEEEESES
236,2,3,2,0,EESSS
236,2,4,2,0,SE
236,2,5,2,0,ES
236,3,2,3,0,S
236,3,4,3,0,ES
236,4,1,4,0,ESSS
236,4,2,4,0,ESS
236,4,3,4,0,S
236,4,4,4,0,S
236,4,5,4,0,SSS
237,3,1,3,0,S
237,3,2,3,0,E
237,3,3,3,0,SEEESSS
237,3,4,3,0,EESS
237,3,5,3,0,S
237,4,1,4,0,ESS
237,4,2,4,0,S
237,4,3,4,0,ES
237,4,4,4,0,EES
237,4,5,4,0,SS
238,1,1,1,0,SEESS
238,1,2,1,0,SSEESESSEEEESSSEEEEESSS
238,1,3,1,0,ES
238,1,4,1,0,EEESEEEES
238,1,5,1,0,EEEEEEESEEEESSEEEEESSSS
238,2,1,2,0,EES
238,2,2,2,0,EESE
238,2,3,2,0,EESSESSS
238,2,4,2,0,ES
238,2,5,2,0,EESSSEEEESEEEESEEESSSEESSESS
238,3,1,3,0,EESS
238,3,2,3,0,EEES
238,3,3,3,0,S
238,3,4,3,0,EESS
238,4,1,4,0,EEEEESSS
238,4,2,4,0,EEEES
238,4,3,4,0,EEEEEESSS
238,4,4,4,0,SSSS
238,4,5,4,0,EEEEESEES
239,1,1,1,0,ES
239,1,2,1,0,ESSSSS
239,1,3,1,0,S
239,1,4,1,0,S
239,1,5,1,0,SS
239,2,1,2,0,EESS
239,2,2,2,0,S
239,2,3,2,0,EEES
239,2,4,2,0,S
239,3,1,3,0,ES
239,3,2,3,0,SS
239,3,3,3,0,EEES
239,3,4,3,0,SEEES
239,3,5,3,0,ESS
239,4,1,4,0,ESS
239,4,2,4,0,ES
239,4,4,4,0,EES
239,4,5,4,0,SSS
240,1,2,1,0,EEE
240,1,3,1,0,SSSSSSEESEEESS
240,1,5,1,0,EEEEEESSSS
240,2,1,2,0,S
240,2,2,2,0,SS
240,2,3,2,0,SEESSSEESSSS
240,2,4,2,0,S
240,2,5,2,0,EEEEEEEEEEEES
240,3,1,3,0,EEE
240,3,2,3,0,S
240,3,3,3,0,ESS
241,1,3,1,0,SS
241,1,4,1,0,S
241,1,5,1,0,SS
241,2,1,2,0,ES
241,2,2,2,0,ESS
241,2,3,2,0,SS
241,2,4,2,0,S
241,2,5,2,0,S
241,3,1,3,0,S
241,3,2,3,0,SES
241,3,3,3,0,ES
241,3,4,3,0,ESSESEES
241,3,5,3,0,S
241,4,1,4,0,S
241,4,2,4,0,ES
241,4,3,4,0,S
241,4,4,4,0,SS
241,4,5,4,0,SS
242,1,1,1,0,SSSS
242,1,2,1,0,EESEEESSS
242,1,3,1,0,EEESS
242,1,4,1,0,S
242,1,5,1,0,EESESS
242,2,1,2,0,SSSSSESSSSS
242,2,2,2,0,EESS
242,2,3,2,0,SS
242,2,4,2,0,EEEEEES
242,2,5,2,0,SSS
242,3,1,3,0,S
242,3,2,3,0,ES
242,3,3,3,0,EES
242,3,4,3,0,EEEEES
242,3,5,3,0,SSEEES
242,4,3,4,0,ESSSEES
242,4,4,4,0,SS
242,4,5,4,0,S
243,1,1,1,0,EEE
243,1,2,1,0,S
243,1,3,1,0,SSS
243,1,4,1,0,S
243,1,5,1,0,SS
243,2,1,2,0,ESSEESSSS
243,2,2,2,0,SS
243,2,3,2,0,S
243,2,4,2,0,S
243,2,5,2,0,ESS
243,4,1,4,0,S
243,4,2,4,0,ES
243,4,3,4,0,S
243,4,4,4,0,ESS
243,4,5,4,0,S
244,1,1,1,0,SS
244,1,3,1,0,S
244,1,4,1,0,ES
244,2,2,2,0,EEESSS
244,2,4,2,0,SSESSEEES
244,2,5,2,0,S
244,3,1,3,0,EEESEEEES
244,3,2,3,0,E
244,3,3,3,0,EEESS
244,3,4,3,0,SSS
244,3,5,3,0,E
244,4,1,4,0,EEESSSSEEEESES
244,4,2,4,0,SS
244,4,3,4,0,SSES
244,4,4,4,0,SSEEES
244,4,5,4,0,ES
245,1,1,1,0,SSE
245,1,2,1,0,EEEEESESEES
245,1,3,1,0,EEEESE
245,1,4,1,0,SS
245,1,5,1,0,S
245,2,1,2,0,EEEES
245,2,2,2,0,SSSSE
245,2,3,2,0,S
245,2,4,2,0,EEEEESEE
245,2,5,2,0,ES
245,4,1,4,0,EEES
245,4,2,4,0,E
245,4,3,4,0,S
245,4,4,4,0,E
245,4,5,4,0,EESSS
246,2,2,2,0,SES
246,2,3,2,0,EEEE
246,2,4,2,0,SEEE
246,2,5,2,0,SSSEEE
246,3,1,3,0,SS
246,3,2,3,0,EESSSSESSSEES
246,3,3,3,0,SESSSEESSEEEEEE
246,3,5,3,0,EESS
246,4,1,4,0,EEE
246,4,3,4,0,SSS
246,4,4,4,0,E
246,4,5,4,0,SEEEEEE
247,1,1,1,0,SEEEES
247,1,2,1,0,S
247,1,3,1,0,SEEEEEES
247,1,5,1,0,E
247,4,1,4,0,SEE
247,4,2,4,0,EE
247,4,3,4,0,EEE
247,4,4,4,0,EEES
247,4,5,4,0,E
248,1,1,1,0,S
248,1,2,1,0,S
248,1,3,1,0,SS
248,1,4,1,0,S
248,1,5,1,0,SS
248,2,1,2,0,SS
248,2,2,2,0,ES
248,2,4,2,0,ES
248,2,5,2,0,EEEEES
248,3,1,3,0,S
248,3,3,3,0,S
248,3,4,3,0,EEESSSE
248,3,5,3,0,SSS
248,4,1,4,0,S
248,4,2,4,0,SS
248,4,3,4,0,ES
248,4,4,4,0,SE
248,4,5,4,0,S
249,1,1,1,0,SEEEE
249,1,2,1,0,ES
249,1,3,1,0,E
249,1,4,1,0,EE
249,1,5,1,0,E
249,3,1,3,0,EESSSESE
249,3,2,3,0,EE
249,3,3,3,0,EE
249,3,4,3,0,SEES
249,3,5,3,0,EE
249,4,1,4,0,E
249,4,2,4,0,EEE
249,4,3,4,0,E
249,4,4,4,0,EES
250,1,1,1,0,EEEEES
250,1,2,1,0,SES
250,1,3,1,0,S
250,1,4,1,0,S
250,1,5,1,0,ES
250,4,1,4,0,E
250,4,2,4,0,ES
250,4,3,4,0,S
250,4,4,4,0,S
250,4,5,4,0,SS
251,2,1,2,0,S
251,2,2,2,0,SSS
251,2,3,2,0,ESEEEEES
251,2,4,2,0,SS
251,2,5,2,0,S
252,1,1,1,0,SS
252,1,2,1,0,S
252,1,3,1,0,SEEEES
252,1,4,1,0,SSSS
252,1,5,1,0,SE
252,2,1,2,0,EEEEEESS
252,2,3,2,0,EE
252,2,4,2,0,S
252,2,5,2,0,ESSSEE
252,3,1,3,0,ESS
252,3,2,3,0,S
252,3,4,3,0,SESEEES
252,3,5,3,0,S
252,4,1,4,0,SSSESSS
252,4,2,4,0,ESSESS
252,4,3,4,0,SEEEES
252,4,4,4,0,SSS
252,4,5,4,0,EESS
253,3,1,3,0,SS
253,3,2,3,0,ES
253,3,3,3,0,SS
253,3,4,3,0,S
253,3,5,3,0,E
253,4,2,4,0,EES
253,4,3,4,0,SS
253,4,4,4,0,ESS
253,4,5,4,0,EES
254,1,1,1,0,S
254,1,2,1,0,ESS
254,1,3,1,0,S
254,1,4,1,0,S
254,4,1,4,0,SSS
254,4,2,4,0,E
254,4,3,4,0,S
254,4,4,4,0,ES
254,4,5,4,0,SSS
256,1,1,1,0,SSEE
256,1,2,1,0,S
256,1,3,1,0,SS
256,1,4,1,0,ES
256,1,5,1,0,EEEES
256,2,1,2,0,E
256,2,2,2,0,S
256,2,3,2,0,SES
256,2,4,2,0,ESSSEESESSSS
256,2,5,2,0,SSSS
256,3,1,3,0,EEE
256,3,2,3,0,EEEES
256,3,4,3,0,E
256,3,5,3,0,SS
256,4,1,4,0,SSEE
256,4,2,4,0,EEESS
256,4,3,4,0,S
256,4,4,4,0,EE
256,4,5,4,0,EESEEEEESS
257,2,1,2,0,S
257,2,2,2,0,ES
257,2,3,2,0,S
257,2,4,2,0,S
257,2,5,2,0,S
257,4,1,4,0,SSS
257,4,2,4,0,S
257,4,3,4,0,S
257,4,4,4,0,EES
258,1,1,1,0,EE
258,1,2,1,0,EESSES
258,1,3,1,0,SSSSSEEEEEEESEEE
258,1,4,1,0,ESSE
258,1,5,1,0,SSEEEEEEESS
258,2,1,2,0,EEEES
258,2,3,2,0,EESEEE
258,2,4,2,0,EESS
258,2,5,2,0,SSEEEESSS
258,3,3,3,0,EEE
258,3,5,3,0,EEEES
258,4,1,4,0,ES
258,4,3,4,0,E
258,4,4,4,0,E
258,4,5,4,0,SES
259,1,1,1,0,ES
259,1,2,1,0,ESSESESEES
259,1,3,1,0,S
259,1,4,1,0,SS
259,1,5,1,0,SESS
259,2,2,2,0,SESSS
259,2,3,2,0,S
259,2,4,2,0,SS
259,3,1,3,0,SS
259,3,2,3,0,EESEESS
259,3,3,3,0,ES
259,3,4,3,0,SS
259,3,5,3,0,EEES
259,4,1,4,0,S
259,4,2,4,0,SSS
259,4,3,4,0,SSSSS
259,4,4,4,0,SS
259,4,5,4,0,EESS
260,1,1,1,0,SES
260,1,2,1,0,ESSES
260,1,3,1,0,ESS
260,1,4,1,0,ES
260,1,5,1,0,SSSEESS
260,2,1,2,0,SES
260,2,2,2,0,E
260,2,3,2,0,SS
260,2,4,2,0,EEES
260,2,5,2,0,E
260,3,2,3,0,ESS
260,3,3,3,0,EEESESES
260,3,4,3,0,SEEES
260,3,5,3,0,SSSS
260,4,1,4,0,ESSS
260,4,2,4,0,SSS
260,4,3,4,0,S
260,4,4,4,0,S
260,4,5,4,0,SEEESSS
261,1,1,1,0,S
261,1,2,1,0,SS
261,1,3,1,0,E
261,1,4,1,0,E
261,1,5,1,0,ES
261,3,1,3,0,E
261,3,2,3,0,E
261,3,4,3,0,S
262,3,1,3,0,EE
262,3,2,3,0,E
262,3,4,3,0,EE
262,3,5,3,0,SS
263,1,1,1,0,S
263,1,2,1,0,SSEEEEEESSEESSES
263,1,3,1,0,E
263,1,4,1,0,E
263,1,5,1,0,EEESSEEEEEESEEEEEEE
263,2,1,2,0,EE
263,2,2,2,0,EEEEEE
263,2,3,2,0,EEEE
263,2,4,2,0,EEE
263,2,5,2,0,EESSEEES
263,4,1,4,0,EEEEEEEEEEEEEEEEEEESE
263,4,2,4,0,SSSE
263,4,4,4,0,E
263,4,5,4,0,ESESEE
264,1,1,1,0,SESSSSSS
264,1,2,1,0,SS
264,1,3,1,0,EEEEE
264,1,4,1,0,EEEEEES
264,1,5,1,0,ES
264,2,1,2,0,SS
264,2,2,2,0,SS
264,2,3,2,0,SSS
264,2,4,2,0,S
264,2,5,2,0,S
264,3,1,3,0,SSS
264,3,2,3,0,S
264,3,3,3,0,S
264,3,4,3,0,S
264,3,5,3,0,ES
264,4,1,4,0,E
264,4,2,4,0,S
264,4,3,4,0,SSSEES
264,4,5,4,0,ESSES
265,1,1,1,0,SSEES
265,1,2,1,0,EEE
265,1,3,1,0,E
265,1,4,1,0,S
265,1,5,1,0,E
265,2,1,2,0,E
265,2,2,2,0,E
265,2,3,2,0,ES
265,2,4,2,0,EE
265,2,5,2,0,S
265,4,1,4,0,S
265,4,2,4,0,ESS
265,4,4,4,0,SEEE
265,4,5,4,0,SSEEEEEESSSSE
266,3,1,3,0,EEEE
266,3,3,3,0,SSSEEEEEESSSSEEEEEEEEEESE
266,3,4,3,0,SSEEEEEEEEEE
266,3,5,3,0,EE
266,4,1,4,0,SSEEEESSSSS
266,4,2,4,0,SSSEEESEEEES
266,4,3,4,0,EEES
266,4,5,4,0,SSSSSESSS
267,2,1,2,0,S
267,2,2,2,0,ES
267,2,3,2,0,SESS
267,2,4,2,0,ES
267,2,5,2,0,S
267,3,1,3,0,E
267,3,2,3,0,S
267,3,3,3,0,SS
267,3,4,3,0,S
267,3,5,3,0,SS
267,4,2,4,0,S
267,4,3,4,0,S
267,4,4,4,0,EEEEEES
267,4,5,4,0,EES
268,1,2,1,0,SSSS
268,1,3,1,0,S
268,1,4,1,0,S
268,1,5,1,0,S
268,2,1,2,0,S
268,2,2,2,0,ES
268,2,3,2,0,S
268,2,4,2,0,SS
268,2,5,2,0,S
268,3,1,3,0,EESSSS
268,3,2,3,0,S
268,3,3,3,0,S
268,3,4,3,0,S
268,3,5,3,0,S
268,4,1,4,0,S
268,4,2,4,0,SSSS
268,4,3,4,0,SEES
268,4,4,4,0,S
269,1,1,1,0,SS
269,1,2,1,0,ESES
269,1,3,1,0,EEES
269,1,4,1,0,SEEESS
269,1,5,1,0,SSS
269,2,1,2,0,ES
269,2,2,2,0,SESEEE
269,2,3,2,0,ESES
269,2,4,2,0,S
269,2,5,2,0,ESS
269,3,1,3,0,EE
269,3,2,3,0,EESS
269,3,3,3,0,E
269,3,4,3,0,EESS
269,3,5,3,0,ESSSSS
270,2,1,2,0,ESES
270,2,2,2,0,SS
270,2,3,2,0,ES
270,2,4,2,0,ES
270,2,5,2,0,S
270,4,1,4,0,S
270,4,2,4,0,ES
270,4,4,4,0,ES
270,4,5,4,0,EES
273,1,2,1,0,EEESEE
273,1,3,1,0,EES
273,1,5,1,0,ES
273,2,1,2,0,SEEESES
273,2,2,2,0,EES
273,2,3,2,0,SSSS
273,2,4,2,0,SSE
273,2,5,2,0,EEE
273,3,1,3,0,EEEEESS
273,3,2,3,0,EES
273,3,3,3,0,EESEEEEEEEES
273,3,4,3,0,EESEESS
273,3,5,3,0,SSSS
273,4,1,4,0,EESSEESEESS
273,4,2,4,0,EEESSEESSSSSS
273,4,3,4,0,E
273,4,4,4,0,EEEESESS
273,4,5,4,0,EEEEE
274,1,1,1,0,ESS
274,1,2,1,0,SS
274,1,3,1,0,S
274,1,4,1,0,SESS
274,1,5,1,0,ES
274,2,1,2,0,SS
274,2,2,2,0,EES
274,2,3,2,0,EES
274,2,4,2,0,SS
274,2,5,2,0,S
274,3,1,3,0,S
274,3,2,3,0,SEEEEES
274,3,3,3,0,SEEEEES
274,3,4,3,0,EEESS
274,3,5,3,0,SEEESS
274,4,1,4,0,ES
274,4,2,4,0,EEESEE
274,4,3,4,0,EE
274,4,4,4,0,ESSS
274,4,5,4,0,EEES
275,1,1,1,0,SEE
275,1,2,1,0,ES
275,1,3,1,0,EEEEESEEEEEEEEEEESSE
275,1,4,1,0,SEE
275,1,5,1,0,EES
275,2,1,2,0,S
275,2,2,2,0,SEEESSSEEESSSES
275,2,3,2,0,ES
275,2,4,2,0,SSEEEEEESS
275,2,5,2,0,ESSSSS
275,3,2,3,0,SS
275,3,3,3,0,EEES
275,3,4,3,0,E
275,3,5,3,0,SSSSS
275,4,1,4,0,EEESS
275,4,2,4,0,EEEESSSESSEE
275,4,3,4,0,S
275,4,4,4,0,S
275,4,5,4,0,ESSSSES
276,1,1,1,0,ES
276,1,2,1,0,ES
276,1,3,1,0,ESES
276,1,4,1,0,ESS
276,1,5,1,0,SS
276,2,1,2,0,S
276,2,2,2,0,S
276,2,3,2,0,ES
276,2,4,2,0,SS
276,2,5,2,0,SS
276,3,1,3,0,S
276,3,2,3,0,ES
276,3,3,3,0,S
276,3,5,3,0,SS
276,4,1,4,0,S
276,4,2,4,0,ESS
276,4,3,4,0,S
276,4,4,4,0,EES
276,4,5,4,0,S
277,1,1,1,0,ES
277,1,2,1,0,SS
277,1,3,1,0,EES
277,1,4,1,0,ESSSES
277,1,5,1,0,E
277,2,1,2,0,S
277,2,2,2,0,EEEEEEEEEEEEEE
277,2,3,2,0,S
277,2,4,2,0,EEEES
277,2,5,2,0,SSS
277,3,1,3,0,EEEEEESSES
277,3,3,3,0,EEEEEES
277,3,4,3,0,S
277,3,5,3,0,ES
277,4,1,4,0,ES
277,4,2,4,0,ES
277,4,3,4,0,ES
277,4,4,4,0,SS
277,4,5,4,0,S
279,1,1,1,0,SS
279,1,3,1,0,EES
279,1,4,1,0,E
279,1,5,1,0,E
279,2,1,2,0,S
279,2,2,2,0,SS
279,2,4,2,0,SS
279,2,5,2,0,SEEES
280,1,1,1,0,EEESEEEEEEEE
280,1,2,1,0,EEES
280,1,3,1,0,EEEESEEEEEEEEEEEEEEEES
280,1,4,1,0,EEEEESSS
280,1,5,1,0,EEES
280,3,1,3,0,EEEEEE
280,3,2,3,0,SSSSESESSSESEESS
280,3,4,3,0,S
280,3,5,3,0,EE
281,1,1,1,0,ES
281,1,2,1,0,ES
281,1,3,1,0,S
281,1,4,1,0,S
281,1,5,1,0,E
281,2,1,2,0,E
281,2,2,2,0,E
281,2,3,2,0,EEES
281,2,4,2,0,EEES
281,2,5,2,0,S
282,2,1,2,0,S
282,2,2,2,0,S
282,2,4,2,0,S
282,2,5,2,0,S
282,3,3,3,0,S
282,3,4,3,0,S
282,4,1,4,0,S
282,4,2,4,0,S
282,4,3,4,0,S
282,4,4,4,0,S
282,4,5,4,0,S
283,2,1,2,0,S
283,2,2,2,0,E
283,2,3,2,0,EEESSSSSEEEEEEEEEEEEEEEEESS
283,2,4,2,0,S
283,2,5,2,0,SS
284,3,1,3,0,E
284,3,2,3,0,SSEEEESE
284,3,3,3,0,SSSSSSSS
284,3,4,3,0,S
284,3,5,3,0,ESSS
285,4,1,4,0,ESEEEEEE
285,4,2,4,0,E
285,4,3,4,0,ESSEEEE
285,4,4,4,0,E
285,4,5,4,0,S
287,3,1,3,0,SE
287,3,2,3,0,ES
287,3,3,3,0,E
287,3,4,3,0,ES
287,4,1,4,0,SS
287,4,2,4,0,ESE
287,4,3,4,0,S
287,4,4,4,0,SS
287,4,5,4,0,E
289,1,1,1,0,SESS
289,1,2,1,0,SS
289,1,3,1,0,ESSS
289,1,4,1,0,S
289,1,5,1,0,EESS
289,2,1,2,0,ESSS
289,2,2,2,0,SEEESSS
289,2,3,2,0,EES
289,2,4,2,0,SSS
289,2,5,2,0,E
289,3,1,3,0,ESSEEEES
289,3,2,3,0,EESE
289,3,3,3,0,SS
289,3,4,3,0,SS
289,3,5,3,0,S
289,4,1,4,0,SESEESS
289,4,2,4,0,E
289,4,4,4,0,S
290,1,1,1,0,EEEE
290,1,2,1,0,SSS
290,1,3,1,0,S
290,1,4,1,0,ES
290,1,5,1,0,SSSSSSSS
290,2,1,2,0,S
290,2,2,2,0,ES
290,2,3,2,0,S
290,2,4,2,0,EEES
290,2,5,2,0,S
290,3,1,3,0,S
290,3,2,3,0,S
290,3,3,3,0,S
290,3,4,3,0,S
290,3,5,3,0,SS
291,2,1,2,0,ESEE
291,2,2,2,0,E
291,2,3,2,0,EEE
291,2,4,2,0,EEEEE
291,2,5,2,0,ESSSE
291,3,1,3,0,SSEEEESE
291,3,2,3,0,EEE
291,3,3,3,0,EEEEES
291,3,4,3,0,EEEEEEEEEEEEEEEEE
291,3,5,3,0,SE
293,3,1,3,0,SEEESSSSSSEEES
293,3,2,3,0,S
293,3,3,3,0,ES
293,3,4,3,0,E
294,1,1,1,0,EESSSSS
294,1,2,1,0,SS
294,1,3,1,0,ESSSSSEEES
294,1,4,1,0,ESS
294,1,5,1,0,SSEES
294,2,1,2,0,S
294,2,2,2,0,EES
294,2,3,2,0,ESES
294,2,4,2,0,SS
294,2,5,2,0,EEEES
294,3,1,3,0,S
294,3,2,3,0,EEEEEEESSEES
294,3,3,3,0,ES
294,3,4,3,0,SEEE
294,3,5,3,0,SS
294,4,1,4,0,ES
294,4,2,4,0,S
294,4,3,4,0,ES
294,4,4,4,0,S
294,4,5,4,0,EEES
295,1,1,1,0,SS
295,1,2,1,0,E
295,1,3,1,0,S
295,1,4,1,0,ESS
295,1,5,1,0,S
295,2,1,2,0,SS
295,2,3,2,0,EES
295,2,4,2,0,ES
295,2,5,2,0,SSS
295,3,1,3,0,EES
295,3,3,3,0,S
295,3,4,3,0,S
295,3,5,3,0,S
295,4,1,4,0,S
295,4,2,4,0,SS
295,4,4,4,0,ES
295,4,5,4,0,S
296,1,1,1,0,EEEESSEEEEEEES
296,1,2,1,0,SSSES
296,1,3,1,0,EES
296,1,4,1,0,SESSSESS
296,1,5,1,0,SSS
296,2,1,2,0,SSSESES
296,2,2,2,0,S
296,2,3,2,0,S
296,2,5,2,0,ESS
296,3,1,3,0,S
296,3,3,3,0,ESS
296,3,4,3,0,SS
296,3,5,3,0,S
297,1,1,1,0,EEEEEEEES
297,1,2,1,0,EEEEEEEEESSSSSEES
297,1,3,1,0,SSESSSS
297,1,4,1,0,EEEEEEEEEEEEESS
297,1,5,1,0,SESEEEEEEEEEE
297,2,1,2,0,S
297,2,2,2,0,S
297,2,3,2,0,SSEE
297,2,4,2,0,EEESEEEESEEESS
297,2,5,2,0,EEEESS
297,3,1,3,0,EEES
297,3,2,3,0,ES
297,3,3,3,0,EEESSSEESES
297,3,4,3,0,S
297,3,5,3,0,EEEEEEEESEEEEEEEEEEES
297,4,1,4,0,E
297,4,2,4,0,EEEES
297,4,3,4,0,SEEEES
297,4,4,4,0,S
297,4,5,4,0,EEEES
298,1,1,1,0,SS
298,1,2,1,0,S
298,1,3,1,0,EE
298,1,4,1,0,SSSEEEE
298,1,5,1,0,EEEEEE
298,2,1,2,0,EE
298,2,3,2,0,EE
298,2,4,2,0,EES
298,2,5,2,0,E
